patient_id,umap_x,umap_y,tsne_x,tsne_y
MMRF_1231,9.894985,-0.33436304,-24.525976,-17.2997
MMRF_1032,2.7682493,-0.33634818,29.897821,-13.821007
MMRF_1327,9.677697,3.2685475,-29.545881,3.7169523
MMRF_1210,4.320041,-0.09286472,6.977957,-4.4895587
MMRF_1269,10.021771,1.0259125,-26.400599,-8.312508
MMRF_1251,8.046266,3.250248,-15.237331,8.591566
MMRF_1328,8.047242,0.4962033,-10.36867,-10.274283
MMRF_1171,4.3588276,-1.7180897,16.455849,3.3498106
MMRF_1354,1.5504981,0.8992671,21.953869,-6.939193
MMRF_1344,2.865751,0.9796503,13.476067,-8.935694
MMRF_1403,5.6357703,2.5593839,-2.3099892,11.120385
MMRF_1408,6.161495,3.215256,-5.892347,14.395508
MMRF_1338,10.697284,0.757068,-30.486565,-11.848275
MMRF_1342,3.301953,-1.4836899,29.935291,8.391358
MMRF_1352,10.922564,2.0585961,-32.0215,-5.240061
MMRF_1380,6.432176,3.9210906,-13.461396,19.284515
MMRF_1389,6.656666,2.1901274,-6.4501214,9.548755
MMRF_1388,6.4898863,2.8552017,-9.7186775,13.184596
MMRF_1395,1.9029824,-1.2522752,33.460976,-1.4504079
MMRF_1391,7.731775,3.8874748,-21.138235,16.121668
MMRF_1359,9.196298,-0.2608902,-18.601202,-21.293613
MMRF_1267,7.994465,3.2261953,-18.563477,10.811117
MMRF_1274,5.273126,2.8617156,1.5036258,15.418055
MMRF_1037,4.1149917,0.025622064,7.5729513,-4.4362273
MMRF_1033,4.5193486,-2.0817719,12.368155,1.9421215
MMRF_1031,3.4620924,-0.7109031,26.28961,9.244777
MMRF_1068,2.6041873,-1.6511011,31.813904,10.039656
MMRF_1078,7.321641,2.280965,-9.744711,5.4858093
MMRF_1086,5.6714473,3.3767774,-3.0249536,18.366016
MMRF_1082,9.4367485,0.5291978,-19.440916,-11.381775
MMRF_1092,2.1342597,-1.094881,30.94455,-2.7098866
MMRF_1325,10.396458,0.4677482,-26.757254,-13.303915
MMRF_1364,1.5389758,-0.15228978,29.002094,-6.433947
MMRF_1383,5.4422183,2.96994,-2.316001,15.699942
MMRF_1377,6.0565586,4.010777,-7.1851125,21.287325
MMRF_1360,3.0010664,-1.4358493,29.561611,3.0685418
MMRF_1371,1.4749162,0.08153832,26.125448,-6.887481
MMRF_1089,4.488841,-0.46307847,19.319246,10.336847
MMRF_1365,10.997501,1.9416698,-32.219177,-6.478695
MMRF_1356,9.00485,1.8924375,-20.560154,-1.8166931
MMRF_1270,6.287146,2.922639,-8.085073,13.982214
MMRF_1323,8.523478,0.9143366,-11.71099,-6.6287413
MMRF_1180,8.380579,1.4883364,-15.258829,-3.3739896
MMRF_1188,5.7146893,3.8788598,-3.7276745,19.760098
MMRF_1300,4.801589,-0.109503634,4.5776725,-1.3876512
MMRF_1331,1.9947577,-1.7029334,35.682186,3.6633778
MMRF_1185,10.370627,0.90594816,-23.442808,-10.158015
MMRF_1348,6.499846,2.0675128,-5.234145,8.589792
MMRF_1284,3.864248,-0.8356658,24.605179,10.349298
MMRF_1202,9.003136,1.5467212,-18.88184,-5.33558
MMRF_1466,2.1527932,-0.17037605,24.28177,-1.4876956
MMRF_1446,8.148671,2.3211868,-17.411974,3.003835
MMRF_1447,5.6002355,3.0145042,-3.3677278,15.310007
MMRF_1445,6.3041754,3.1853473,-14.439372,13.786719
MMRF_1433,8.809247,1.9741193,-18.978899,-1.0671797
MMRF_1434,7.6761994,3.8612573,-20.77695,15.194874
MMRF_1436,3.138647,-1.7094479,32.541336,7.561995
MMRF_1424,7.3712616,2.7502646,-13.17937,6.539464
MMRF_1425,4.306741,0.028100591,7.237569,-3.5614662
MMRF_1439,9.312081,-0.07299253,-19.918863,-18.245749
MMRF_1450,1.5420796,1.0348485,18.068714,-6.907839
MMRF_1451,6.477265,3.1985652,-10.952345,14.878358
MMRF_1454,8.1567335,3.2146657,-17.792564,8.461454
MMRF_1460,3.1278403,-0.009228136,20.417692,3.5058587
MMRF_1461,8.682594,1.491104,-15.922687,-3.074044
MMRF_1324,8.878299,3.0566857,-21.64407,5.9554844
MMRF_1392,1.8770503,-0.44413728,25.697166,-2.621677
MMRF_1413,5.7612114,3.3705606,-4.1616282,17.507648
MMRF_1393,4.20954,-1.8705399,15.988153,1.41515
MMRF_1148,1.4955223,-0.34188575,30.268654,-6.4108396
MMRF_1349,9.669416,3.1651225,-31.121513,3.0419505
MMRF_1432,7.711514,2.9926188,-14.350245,8.533048
MMRF_1293,2.278335,-0.55557,33.920967,-10.776025
MMRF_1216,7.9047294,1.3794141,-9.4328985,-2.0216308
MMRF_1178,7.9996843,2.024174,-14.697511,2.8368285
MMRF_1401,10.829054,2.151476,-33.589237,-3.4886906
MMRF_1489,2.2319083,-0.7262761,25.851349,-2.261256
MMRF_1318,7.7090497,3.2181215,-20.236135,9.364717
MMRF_1361,8.01558,1.2327121,-10.23648,-3.6980634
MMRF_1021,8.1160145,1.4751663,-11.505332,-2.5694697
MMRF_1030,4.135697,-2.1995578,12.493127,0.89201105
MMRF_1485,1.9470842,0.8532878,20.755001,-11.22202
MMRF_1491,7.557934,3.971763,-22.587059,14.596043
MMRF_1029,9.672292,2.8675117,-27.541048,0.78937036
MMRF_1502,3.294581,-0.22097966,20.80869,6.497123
MMRF_1358,2.3717473,-1.3292655,31.961412,0.28378028
MMRF_1108,4.1343102,-2.0405004,15.164908,0.84423196
MMRF_1164,10.649388,0.9973085,-27.083807,-11.704414
MMRF_1250,2.0065079,0.48352125,22.739698,-5.052385
MMRF_1453,7.8516006,1.9824018,-6.9690228,0.3071134
MMRF_1462,9.193353,3.1051335,-24.556479,3.6408508
MMRF_1501,1.8798974,-1.872149,38.837715,2.8539832
MMRF_1499,2.1878011,-1.0878428,27.342134,-0.89853525
MMRF_1497,8.076744,3.5711548,-21.48038,11.120221
MMRF_1484,10.565108,0.5963349,-28.00613,-12.412283
MMRF_1519,6.0457325,2.8864899,-5.321256,13.08981
MMRF_1516,10.745722,1.0049273,-28.781797,-10.212493
MMRF_1511,1.9038538,-0.038589437,27.950848,-8.832129
MMRF_1510,6.6065807,3.8609002,7.831392,-8.459756
MMRF_1506,6.5381722,3.7904832,-10.928443,20.6481
MMRF_1309,5.242192,-1.207367,13.737542,8.111547
MMRF_1045,2.7894409,-0.11429386,31.992311,-12.7079735
MMRF_1048,8.141312,3.6650472,-20.93067,11.801107
MMRF_1098,8.628363,2.9084485,-20.478874,3.771956
MMRF_1167,5.807229,2.8441222,-3.6722536,12.974542
MMRF_1286,8.857089,0.34779832,-14.405646,-13.568139
MMRF_1538,1.9644711,-0.12115644,30.320408,-8.636552
MMRF_1556,10.009516,-0.12924494,-24.141567,-15.81184
MMRF_1522,2.1548762,-1.2014643,31.071688,-1.5703217
MMRF_1531,2.839238,-0.8264627,24.815037,-0.32331023
MMRF_1534,10.449061,1.0815713,-26.92562,-8.639862
MMRF_1539,10.442975,0.6280964,-24.748272,-11.577202
MMRF_1540,11.11604,1.739908,-32.663094,-8.423444
MMRF_1542,9.148474,-0.2580892,-20.58587,-20.282516
MMRF_1550,1.6159089,0.62632555,22.911732,-8.803525
MMRF_1560,7.3122954,2.5745697,-11.609393,5.711944
MMRF_1570,2.9038057,-0.08546252,30.631407,-13.786616
MMRF_1573,1.9615009,1.0343959,19.50885,-10.182481
MMRF_1572,7.7448387,3.32948,-19.148626,12.276082
MMRF_1574,2.6948936,-1.2688378,30.879715,3.4570498
MMRF_1577,1.3539085,-0.7365212,34.90822,-6.310596
MMRF_1579,8.950418,0.93929714,-15.775788,-7.9012275
MMRF_1580,9.334836,-0.3640676,-18.914768,-19.694199
MMRF_1583,7.5175834,3.9871097,-22.387676,15.03321
MMRF_1586,9.849975,2.973499,-28.721897,2.567356
MMRF_1587,6.816179,2.1277375,-7.488649,9.10895
MMRF_1589,10.983025,2.0246658,-30.956043,-4.6432724
MMRF_1595,7.2979813,2.723289,-13.193666,6.578584
MMRF_1593,5.7922297,3.273677,-4.5658674,16.812513
MMRF_1596,5.140699,-1.279864,10.7445135,6.082596
MMRF_1603,4.6494784,-0.07909315,5.3593793,-2.7687488
MMRF_1605,9.619503,3.5295336,-31.706743,5.6878495
MMRF_1543,5.8148837,3.8398232,-5.4581466,18.946526
MMRF_1598,9.436479,0.13617729,-17.055468,-16.365591
MMRF_1597,3.3378403,-1.3611294,19.387613,0.6822418
MMRF_1613,8.353722,2.2194583,-16.096117,-0.8488135
MMRF_1614,2.5947127,-2.131853,37.030823,6.182393
MMRF_1617,9.62087,-0.31109917,-23.061317,-19.580536
MMRF_1618,7.17206,3.0605168,-12.069285,10.922949
MMRF_1621,2.4100006,-0.49713388,27.908123,-13.678978
MMRF_1625,1.5099287,-0.8753205,34.244766,-6.879098
MMRF_1634,7.5631175,2.2913218,-10.377908,2.166791
MMRF_1512,3.7409627,-0.5251623,23.705156,8.770266
MMRF_1624,3.8162615,-1.13035,17.847258,12.990058
MMRF_1627,8.203669,1.8737793,-16.13258,-0.94224083
MMRF_1630,8.067207,0.9834198,-9.8055315,-4.303255
MMRF_1633,3.096145,-0.5464798,24.766586,2.86225
MMRF_1637,6.7162604,2.038837,-6.346057,7.3065233
MMRF_1639,1.7001662,1.0479747,19.577633,-6.33405
MMRF_1640,5.8722634,3.2889888,-5.251585,16.70268
MMRF_1641,4.6549716,-0.54082674,7.9402876,1.257961
MMRF_1643,2.2585657,-1.8745215,34.263844,2.540705
MMRF_1644,4.9264,-0.8261763,12.533305,-7.341591
MMRF_1651,2.8062465,1.1180757,14.17732,-9.738243
MMRF_1652,4.282175,1.2242352,6.862389,7.9974556
MMRF_1665,1.9310374,-1.165071,32.382336,-1.8450483
MMRF_1656,4.917556,-1.5858042,13.636316,12.307192
MMRF_1664,7.705269,3.434028,-15.311851,10.829875
MMRF_1668,8.819181,2.998016,-22.43122,5.783503
MMRF_1671,9.51123,0.4477474,-18.59564,-12.280723
MMRF_1695,2.0589893,0.78619397,17.854357,-13.218974
MMRF_1683,7.99751,1.6870562,-10.036766,-1.7543677
MMRF_1714,2.4364853,-0.16354674,32.251915,-10.544655
MMRF_1730,4.009055,-2.2964427,12.829926,-1.4780011
MMRF_1758,5.5164237,2.9495764,-2.4300919,14.440854
MMRF_1721,8.2702875,3.6504395,-23.30436,11.427926
MMRF_1648,5.8329453,3.8335671,-5.607343,19.507812
MMRF_1677,9.723966,-0.34302545,-23.084402,-19.246222
MMRF_1744,7.18007,2.4512577,-10.188818,3.1407163
MMRF_1735,2.95802,-1.7030568,31.510914,5.6377325
MMRF_1739,1.7823583,-1.6308866,35.2489,-0.9315031
MMRF_1694,7.5799155,3.4350917,-19.329523,13.320744
MMRF_1713,3.1510773,-1.7561451,31.823557,6.113257
MMRF_1722,10.164231,2.2576406,-28.347803,-3.0231333
MMRF_1659,5.3707333,2.354343,0.087849736,11.3705225
MMRF_1689,4.7144923,-0.010116137,6.424759,-2.292097
MMRF_1645,9.993896,-0.24549249,-26.597494,-19.696703
MMRF_1720,3.9391818,-2.2158568,13.53252,-1.4086089
MMRF_1715,8.697674,3.461708,-25.299932,9.393768
MMRF_1726,3.2727363,0.10180925,22.093988,3.6963885
MMRF_1523,9.141684,-0.2301894,-17.380434,-20.378521
MMRF_1670,9.337631,-0.1498954,-19.99059,-19.462729
MMRF_1672,4.6857777,-0.26749596,5.369638,-0.68240494
MMRF_1719,4.71298,-1.4022305,15.268843,9.804674
MMRF_1733,1.2099913,-0.65998065,37.90398,-7.5236354
MMRF_1736,6.226171,4.0562844,-7.5184255,22.24917
MMRF_1750,7.8428903,2.1441271,-13.205632,1.7925286
MMRF_1768,5.8171105,3.0700924,-4.6137967,15.236785
MMRF_1771,4.7965727,-0.2219047,4.8894057,-0.9041065
MMRF_1773,9.698772,0.23794085,-20.072914,-14.8201885
MMRF_1775,5.199396,-1.329526,13.34114,7.456373
MMRF_1777,2.1080997,1.1264098,18.316978,-10.335703
MMRF_1778,8.128345,0.36669645,-11.629687,-12.245361
MMRF_1782,8.426904,0.92166156,-9.344378,-8.261545
MMRF_1785,7.9883223,1.4417614,-8.9801855,-1.3208573
MMRF_1787,9.437259,0.8325355,-17.663391,-8.515134
MMRF_1792,2.0083425,-1.9018035,7.4839835,8.251698
MMRF_1793,3.4594123,-0.2305695,22.907595,6.3438144
MMRF_1797,9.721895,2.5844676,-31.22111,-0.41084096
MMRF_1795,5.803268,3.7868078,-4.9274735,18.842304
MMRF_1796,10.281516,0.4930667,-29.410698,-14.4296665
MMRF_1802,3.5008209,-0.45538077,23.65137,7.3541107
MMRF_1808,2.9260643,-1.6333705,34.10843,8.779025
MMRF_1810,2.4707708,0.52960426,22.825882,-14.777999
MMRF_1815,8.3015,0.7907312,-9.576756,-8.372245
MMRF_1822,9.386812,1.870564,-22.456081,-2.7194188
MMRF_1823,8.977743,2.9477942,-23.012869,3.5410974
MMRF_1825,7.6420016,2.0722551,-6.0282006,0.67426
MMRF_1830,9.55481,2.5451436,-33.345997,1.7781627
MMRF_1831,4.891413,-1.0420538,9.956009,8.025318
MMRF_1423,1.1769191,-0.16686279,39.81024,-3.651827
MMRF_1700,5.373938,-0.9116636,-1.4503536,-6.019738
MMRF_1786,4.029974,-2.1032603,14.45586,-0.93348545
MMRF_1801,9.010189,1.9716,-19.138977,-2.1442509
MMRF_1832,9.668027,3.4635484,-30.4015,5.7671657
MMRF_1835,10.086978,-0.1536235,-23.381132,-16.409666
MMRF_1783,9.798925,0.5608641,-20.157574,-11.084215
MMRF_1766,3.6880715,-0.7624575,26.043432,10.129193
MMRF_1817,9.365981,1.905352,-22.588057,-2.656013
MMRF_1837,9.801116,-0.3210547,-23.60648,-20.807533
MMRF_1845,8.025349,0.5243927,-11.307185,-10.42006
MMRF_1854,1.5505666,0.951562,21.681202,-7.7367334
MMRF_1855,7.9530396,3.1229045,-15.847649,7.5606575
MMRF_1860,10.141095,-0.023981206,-24.570148,-15.247019
MMRF_1867,2.1947184,-2.0465229,40.2755,4.2474155
MMRF_1876,5.37301,1.6706357,1.6141765,6.826115
MMRF_1565,10.998618,2.012513,-32.207237,-4.4921503
MMRF_1710,9.715491,2.8237593,-30.38486,0.5435432
MMRF_1759,2.2465405,-1.1372237,30.729156,-2.1734297
MMRF_1842,6.3444147,3.3759754,-12.031019,16.624632
MMRF_1846,3.7400048,0.32592055,8.225663,-6.5396214
MMRF_1847,6.2539463,2.6461782,-8.672899,13.177903
MMRF_1856,11.0950365,1.7403443,-31.411615,-7.2537036
MMRF_1654,4.1981273,-1.7315329,14.828055,2.303731
MMRF_1678,2.15929,-0.22910145,31.383926,-8.316301
MMRF_1682,2.0518746,0.931307,20.850296,-12.44185
MMRF_1705,10.687117,2.271779,-32.785404,-2.001502
MMRF_1716,1.8312984,-0.49709716,24.952726,-3.4440005
MMRF_1859,2.976986,-1.7284656,32.01342,5.0872707
MMRF_1865,9.6528225,3.5544355,-30.943157,6.257479
MMRF_1871,1.659502,-1.0832909,33.09204,-4.2806315
MMRF_1879,9.672015,3.3690832,-30.002151,5.494
MMRF_1881,1.6375581,-0.7151034,31.932589,-5.2218084
MMRF_1886,9.087401,0.59699506,-16.77724,-12.690511
MMRF_1890,6.3800454,3.197406,-9.339606,15.030899
MMRF_1893,2.8460329,1.1636479,15.145397,-9.712305
MMRF_1900,3.2842567,-1.9800138,33.25256,6.3823967
MMRF_1882,3.75662,-2.0743155,15.133393,-1.7266818
MMRF_1541,8.182617,0.5330174,-8.279185,-12.773144
MMRF_1588,1.1637939,-0.8465874,38.54873,-6.2902017
MMRF_1686,1.5174345,-0.29324192,28.583332,-5.8057733
MMRF_1690,1.6852015,-1.449426,37.11506,-11.326202
MMRF_1698,4.7559037,-1.4369022,13.448393,13.56586
MMRF_1780,8.209016,1.0012422,-10.745924,-5.137405
MMRF_1833,5.7413864,3.0382326,-3.2938735,16.173302
MMRF_1839,2.1351368,-1.7511402,34.12505,1.7517567
MMRF_1850,2.933894,-1.7182038,32.584637,4.664474
MMRF_1895,4.239279,-0.85982275,18.29707,10.516739
MMRF_1906,10.012027,0.07263278,-22.522724,-12.501662
MMRF_1537,5.7093077,3.1190312,-4.5094414,14.318138
MMRF_1917,8.633351,3.4128768,-24.483034,8.209798
MMRF_1921,1.9148349,-1.0055369,31.92714,-2.776392
MMRF_1922,5.414232,3.2580023,-1.2455604,16.793133
MMRF_1927,10.992884,2.018379,-34.798626,-6.367388
MMRF_1963,6.984008,3.7912757,-16.65106,17.43389
MMRF_1967,8.483353,3.8220491,-25.657854,13.315877
MMRF_1965,8.822409,3.3208165,-25.714663,7.5175357
MMRF_1981,5.352262,2.7874434,-1.5570204,14.34395
MMRF_1992,5.317601,-1.542691,11.846219,11.371131
MMRF_1998,8.852067,2.0580778,-18.955915,-2.5522318
MMRF_2000,10.163892,2.4036925,-28.669859,-2.3827975
MMRF_1880,1.8244697,-1.1637225,33.069847,-2.2817316
MMRF_2005,11.097063,1.6981057,-32.168186,-9.3397665
MMRF_1851,9.982392,-0.19797422,-27.334986,-20.073866
MMRF_1891,8.334328,1.5423981,-13.278065,-1.5489055
MMRF_1911,8.475487,2.017082,-17.714495,0.78847945
MMRF_1932,3.1280437,0.19960895,23.309744,2.0474815
MMRF_1985,1.5925344,-0.025560813,28.561155,-7.1879606
MMRF_1928,9.283875,3.0901346,-26.88603,5.3548717
MMRF_1915,10.52616,1.4012343,-34.574726,-12.199163
MMRF_1972,4.463013,-1.0911607,18.220196,7.5826373
MMRF_1977,3.9807737,-0.87468296,21.068085,11.105637
MMRF_1824,5.012029,-1.6044494,12.423787,9.415383
MMRF_1862,10.69636,0.9964173,-28.929377,-11.9726095
MMRF_1790,10.936668,1.5086577,-31.089314,-9.411411
MMRF_1727,9.203177,-0.31556058,-20.224798,-20.976627
MMRF_1738,1.9141762,0.983616,20.628954,-9.81106
MMRF_1861,4.5009494,-1.8409504,14.887629,11.071627
MMRF_1814,4.2699776,-0.64010423,20.062164,10.835655
MMRF_1888,2.884753,0.008047567,31.529331,-12.687594
MMRF_1918,9.845764,0.31923208,-21.91922,-14.065373
MMRF_1982,2.5439215,0.3419291,23.347662,-1.6343938
MMRF_1991,2.9125993,0.15143123,31.086588,-11.432031
MMRF_2001,3.601857,-0.35343564,23.05258,7.7516317
MMRF_2006,2.3803122,0.63439476,22.703585,-13.06225
MMRF_2015,7.700524,3.4929047,-15.596923,10.666624
MMRF_2012,2.690675,0.3218933,20.573137,-2.2366333
MMRF_1908,9.412824,3.4302049,-28.619831,5.4306126
MMRF_1916,9.0648985,0.5359272,-16.310898,-10.5492935
MMRF_1931,3.4242084,-1.4490263,28.851725,4.764414
MMRF_1971,8.664878,3.390099,-25.267817,7.886016
MMRF_1978,2.73855,0.2769447,21.770584,-1.7063718
MMRF_2018,1.861481,-1.8065995,35.974953,0.6279364
MMRF_2038,1.4400468,-0.78675497,33.27972,-5.5068083
MMRF_2035,2.4572892,-2.1114402,38.212082,4.7685566
MMRF_2041,7.9536223,3.2734628,-17.019474,10.118042
MMRF_2054,3.3350534,-1.3611723,29.283968,6.6610193
MMRF_2057,2.482417,-0.40412176,28.394331,-13.197189
MMRF_2056,9.859098,-0.3453228,-23.726557,-18.104252
MMRF_2062,6.0811296,2.4445877,-4.0661807,11.178375
MMRF_2072,5.6364994,3.114113,-3.838128,16.234032
MMRF_2081,5.868954,3.8104928,-8.848745,18.916088
MMRF_2093,10.541919,2.0742679,-29.077345,-4.4779024
MMRF_2002,6.162827,2.7126095,-6.3123007,12.376297
MMRF_2047,2.4755926,-0.3185434,33.46706,-11.666056
MMRF_2061,1.1202815,-0.16857855,40.030495,-3.2234414
MMRF_2074,1.7352295,-1.7664104,36.38613,-0.69113505
MMRF_1169,5.4984145,2.8638256,0.9288973,13.466744
MMRF_1997,3.5848293,-0.89280564,27.592718,9.93424
MMRF_2043,3.4403877,-0.26541683,22.95493,5.660979
MMRF_2083,10.933157,1.6880349,-34.574715,-12.042272
MMRF_2091,6.1837535,2.449422,-2.449823,8.004201
MMRF_2098,2.5271075,-1.3823575,30.349516,0.34756365
MMRF_2115,5.62333,3.288014,-1.917972,18.829517
MMRF_2116,1.9303845,-1.5346881,33.70406,-0.42412767
MMRF_2118,7.6317797,3.6803458,-20.39529,14.107971
MMRF_2126,4.515116,-0.1871853,5.5514255,-3.5502279
MMRF_2150,2.757287,1.0275973,13.312515,-8.242116
MMRF_2026,7.215169,2.749711,-10.655874,7.300412
MMRF_2055,3.5455155,-0.47637364,24.504007,6.2736
MMRF_2059,9.201913,-0.30661967,-18.03505,-19.304913
MMRF_2080,1.1375289,-0.7326182,38.286186,-6.854019
MMRF_2079,1.3903022,-0.9220019,34.06662,-5.5505595
MMRF_2076,1.6477158,0.052053884,27.584038,-6.4768047
MMRF_2082,2.0497484,0.042249072,29.440516,-8.573667
MMRF_2087,3.0811062,-0.1640919,24.060076,2.4080791
MMRF_2106,8.790664,1.356217,-14.733182,-6.0662675
MMRF_2107,5.3682427,3.1116948,-1.5269519,16.33987
MMRF_2111,4.3564796,1.1654278,7.34775,6.248577
MMRF_2122,8.601974,3.4633212,-23.903345,9.007551
MMRF_2119,3.2675083,-0.9762629,26.476505,6.178465
MMRF_2125,9.221702,0.6743403,-16.481098,-9.239456
MMRF_2141,5.085173,-1.5527982,12.505826,9.583278
MMRF_2151,7.573062,3.4069703,-18.734205,14.516944
MMRF_2153,10.015461,0.18415518,-22.647818,-13.414427
MMRF_1073,1.7783481,-1.5234326,34.634407,-1.076068
MMRF_2113,9.328733,3.1509867,-26.378056,3.1575255
MMRF_2143,5.3519454,-1.5102022,11.677175,10.665963
MMRF_2149,3.2016957,-0.92593086,26.176945,4.508263
MMRF_2097,9.600497,3.2977364,-28.983944,3.9768543
MMRF_2140,10.9913225,1.6526748,-34.094448,-8.6656475
MMRF_1755,5.1070814,0.8223197,7.9318123,12.546136
MMRF_2216,4.0037866,-2.1019585,15.320767,-0.7710551
MMRF_2180,3.8542616,-2.1785536,15.447235,-2.1032712
MMRF_2213,2.3016272,0.13071653,30.423435,-9.953058
MMRF_2017,11.182247,1.6763917,-31.972147,-7.7981024
MMRF_2016,3.3163786,0.034552462,22.197586,4.4678173
MMRF_2013,5.819368,3.9472482,-6.9812717,19.538292
MMRF_2039,4.620884,-1.1291417,16.945732,6.573691
MMRF_2050,1.7870792,-1.801632,36.538834,0.3315006
MMRF_2068,1.7312657,0.9592466,19.674362,-7.214579
MMRF_2089,5.978982,3.9517858,-6.2441854,21.477629
MMRF_2102,11.124106,1.7681472,-32.11615,-7.236139
MMRF_2170,6.2734647,3.5048728,-9.932708,16.045351
MMRF_2172,8.057953,3.618282,-22.156782,11.303163
MMRF_2173,10.097005,0.99212134,-25.505745,-7.7986436
MMRF_2176,7.816892,3.3366997,-16.815287,12.57754
MMRF_2174,4.8040447,0.92849207,7.168634,14.674224
MMRF_2201,10.85397,1.1321274,-29.597631,-9.887399
MMRF_2203,7.7083473,2.3833153,-14.671519,3.961053
MMRF_2214,3.575219,-0.7496676,25.59485,9.215924
MMRF_2195,5.2750487,2.2146523,1.7341069,10.590335
MMRF_2194,7.3120127,3.417436,-16.24048,14.315568
MMRF_2197,1.8858349,-1.7999789,36.09829,1.7200944
MMRF_2200,6.7253895,1.9769425,-6.2919316,8.802411
MMRF_2199,1.548949,-0.5338808,35.427586,-8.292696
MMRF_2204,5.6079392,3.467669,-0.7147518,19.94102
MMRF_2183,1.5866424,-0.5945325,31.888391,-5.967189
MMRF_2187,2.5220966,-2.0478127,35.659683,4.0136547
MMRF_2211,5.8455997,3.9407504,-7.1690817,18.367975
MMRF_2217,1.636367,-1.3405801,34.797062,-3.4891913
MMRF_2220,8.800285,2.5130334,-19.653103,2.519199
MMRF_2230,10.132635,0.08418555,-21.73379,-17.073961
MMRF_2231,8.567217,2.6160574,-14.335098,-3.5532856
MMRF_2232,3.5040967,0.7767167,4.163252,3.6695971
MMRF_2250,8.876714,3.6401508,-25.154087,10.762714
MMRF_2253,8.952927,2.1702697,-20.801514,-1.4882157
MMRF_2266,3.4841287,-0.6291014,26.363964,11.212654
MMRF_2168,1.651577,-0.92693067,33.833633,-7.5474253
MMRF_2228,5.764114,3.1073306,-5.741309,15.873423
MMRF_2240,9.3934555,0.5988388,-18.196966,-12.046661
MMRF_2251,7.7648273,0.58928084,-5.2057047,-5.8645363
MMRF_2258,4.627588,-1.0791353,17.05567,7.2019806
MMRF_2267,7.771619,0.43881974,-9.137917,-10.006998
MMRF_2238,9.05508,2.3345032,-21.150589,0.5165543
MMRF_2236,1.7389183,0.90191895,20.85013,-5.5586042
MMRF_2271,9.198433,3.1408508,-25.326635,4.0831394
MMRF_2272,5.1203175,-1.2995206,10.464393,7.377056
MMRF_2279,3.9822068,-2.0383837,16.098595,-0.63588697
MMRF_2329,3.992715,0.9937332,7.4441395,6.1861205
MMRF_2269,5.51891,1.1675833,1.9766763,4.457539
MMRF_2291,5.099565,-1.4170301,12.268364,7.2561483
MMRF_2290,1.6635616,0.89621747,20.929995,-6.518108
MMRF_2306,3.1343198,0.12156556,21.622282,2.1720085
MMRF_2310,8.015565,3.5384471,-20.07277,11.150871
MMRF_2316,10.095789,2.577618,-28.527002,-1.532564
MMRF_2215,4.723335,-1.4268941,15.858533,9.793607
MMRF_2297,9.455636,3.4911127,-28.592731,5.1983824
MMRF_2302,1.9576643,-0.7505031,29.681578,-4.307295
MMRF_2325,9.978702,-0.31266937,-24.619675,-17.069952
MMRF_2286,9.61,2.7252214,-32.165237,2.5105016
MMRF_2301,4.6723194,-1.9123763,11.842195,3.0342817
MMRF_2330,1.4448649,0.9665387,17.152954,-6.177953
MMRF_2326,9.337401,3.2412038,-26.6875,4.4699802
MMRF_2331,9.641439,2.2015023,-24.817093,-1.147004
MMRF_2352,7.645795,4.0243845,-22.578217,15.475436
MMRF_2353,2.2125342,-2.0453587,38.503403,3.8327444
MMRF_2377,5.9412045,4.0237317,-6.968878,20.304201
MMRF_2380,5.8572693,3.922439,-8.44096,20.118143
MMRF_2379,3.6313667,-0.85648257,25.389599,7.972318
MMRF_2409,1.565715,-0.4569334,27.39624,-4.8664923
MMRF_2339,9.88832,0.021969605,-21.725899,-15.723073
MMRF_2367,2.4545465,-0.28823015,34.115284,-13.417987
MMRF_2373,5.5846186,1.281075,2.2722316,4.426741
MMRF_2378,5.143225,1.9225698,2.7799408,8.783031
MMRF_2394,10.157735,1.2622246,-3.0142093,0.51347584
MMRF_2224,9.735261,3.1423275,-29.813028,2.8047404
MMRF_2225,10.122628,-0.032205608,-24.05309,-14.471695
MMRF_2229,8.174951,2.5081654,-19.575052,5.7410283
MMRF_2245,1.8979331,1.0485225,19.833252,-8.923526
MMRF_2257,4.2648377,-2.4093943,3.6752555,-8.939016
MMRF_2268,8.880632,0.04044292,-14.151147,-14.836713
MMRF_2273,3.7446058,-1.5646868,21.458633,12.023777
MMRF_2293,2.4271126,1.1549513,16.807878,-11.199923
MMRF_2300,9.095231,1.3285589,-19.615934,-7.2265973
MMRF_2305,10.447775,0.6086601,-24.392147,-11.189657
MMRF_2307,9.994041,0.8725277,-20.590948,-8.48686
MMRF_2313,5.8729105,3.9798667,-5.199578,20.293283
MMRF_2317,9.452061,2.6084294,-24.873165,-0.14766692
MMRF_2314,5.1539965,-1.2303141,13.006295,6.423634
MMRF_2328,7.244176,2.510001,-10.161435,5.579548
MMRF_2335,3.508218,-1.5652915,28.63904,4.190728
MMRF_2336,5.801956,3.9559882,-3.56347,21.08907
MMRF_2368,1.2456104,-0.54960674,37.328236,-8.221952
MMRF_2399,11.077299,1.8537043,-32.904762,-7.1805906
MMRF_2404,5.5481234,3.5528858,-8.497703,17.754236
MMRF_2407,2.9305851,-1.5358758,30.345524,1.7831417
MMRF_2412,2.8303804,0.3656489,19.599747,-1.4271159
MMRF_2365,9.059358,0.64021814,-17.152092,-11.690192
MMRF_2265,6.536748,3.4894419,-12.895894,17.933596
MMRF_2364,5.9198437,4.0144,-4.8880854,19.620667
MMRF_2400,3.3474267,-0.8895285,27.310135,8.286256
MMRF_2419,3.210881,-1.4396367,29.673958,6.1381636
MMRF_2440,1.7026819,0.22384626,25.670616,-8.711224
MMRF_2453,2.4883602,-2.09433,37.898926,7.4135947
MMRF_2455,5.1558805,0.93788314,6.006747,13.119228
MMRF_2459,9.693193,3.391985,-30.948778,4.5893235
MMRF_2422,3.9702888,0.14999153,8.104527,-5.802447
MMRF_2429,1.7571495,-1.9229088,38.00661,0.1346423
MMRF_2433,11.072923,1.5997791,-31.132652,-8.361645
MMRF_2458,10.909462,1.1402293,-30.551634,-10.8241205
MMRF_2413,2.0250342,0.9237233,22.5762,-10.301987
MMRF_2444,9.036433,2.5470474,-20.516022,3.1186545
MMRF_2384,9.0678,0.11816464,-16.63991,-18.986473
MMRF_2452,11.072056,1.7960893,-31.409822,-6.3779254
MMRF_2469,9.103761,0.5028442,-15.6430235,-12.831542
MMRF_2464,2.8033385,-1.677443,31.828308,8.415951
MMRF_2476,9.81709,2.1717772,-25.35257,-1.9402065
MMRF_2478,10.371591,0.20212965,-27.215727,-16.705736
MMRF_2436,7.0371604,3.767029,-15.913067,17.155308
MMRF_2437,6.6752925,3.7902858,-10.844839,20.03263
MMRF_2438,5.5447893,3.687549,0.46756864,18.62074
MMRF_2445,5.9951887,3.7593298,-4.83773,21.049002
MMRF_2449,7.9071817,3.133044,-20.367071,8.33931
MMRF_2456,8.769427,0.20285255,-15.865863,-20.72968
MMRF_2457,6.122693,2.261792,-2.318283,7.8889313
MMRF_2461,2.3469384,0.5594222,21.407602,-13.486108
MMRF_2471,4.799986,0.0082612075,3.984733,3.8347397
MMRF_2473,8.831078,1.5597222,-15.288388,-5.7637296
MMRF_2475,3.0184264,-1.004671,26.798214,1.8561757
MMRF_2480,10.863227,1.1849396,-28.927753,-8.534459
MMRF_2497,7.975745,3.3161514,-19.219093,10.775377
MMRF_2501,4.839422,0.76924527,7.1697636,14.739404
MMRF_2505,8.132814,2.0215538,-16.694334,1.0156761
MMRF_2523,1.4721099,0.33625293,24.700945,-7.573447
MMRF_2485,10.005772,-0.2784984,-24.953333,-16.96009
MMRF_2489,4.1695795,-1.5988057,18.87074,-0.70248467
MMRF_2498,2.3077152,-0.40430823,28.267317,-12.683244
MMRF_2465,4.147665,-2.3822465,11.905801,-1.6645579
MMRF_2488,5.113246,1.9135036,1.8774912,9.605296
MMRF_2490,8.9405985,0.4378192,-16.150295,-9.40808
MMRF_2522,3.7189703,-0.38620135,22.396322,8.570797
MMRF_2499,10.640683,0.9216831,-28.595995,-11.371917
MMRF_2506,2.23934,-0.5433761,34.88952,-10.864545
MMRF_2531,9.22416,2.914825,-24.651169,1.69548
MMRF_2541,2.3148317,0.4713664,23.702293,-12.714577
MMRF_2559,9.070118,1.2262138,-20.928087,-5.2725787
MMRF_2524,1.8741753,0.16214453,24.958,-4.9467607
MMRF_2514,1.9280454,0.6023829,20.819029,-3.9135568
MMRF_2516,4.1957407,-1.746854,17.005743,1.9248201
MMRF_2525,2.4485762,0.6368256,21.38098,-14.957932
MMRF_2532,1.8651544,-1.2707648,34.35282,-3.3912368
MMRF_2468,9.118571,0.62562823,-15.595168,-11.824309
MMRF_2515,8.208568,1.3782195,-13.005732,-4.990759
MMRF_2539,3.9043512,-2.3279936,13.490746,-2.8103633
MMRF_2549,5.341979,3.0353932,0.035635464,16.04335
MMRF_2557,1.2706075,-0.8999234,37.842117,-4.8809805
MMRF_2562,6.5657797,2.315745,-4.7576294,6.340567
MMRF_2568,7.693174,1.3738588,-11.9919615,-8.955965
MMRF_2570,3.2032933,-0.96355814,26.699837,4.963035
MMRF_2579,10.216224,2.4196663,-29.488268,-2.2576468
MMRF_2581,1.8061179,-1.3419932,36.50512,-3.076679
MMRF_2590,2.2517457,-1.1153917,29.393175,-2.0375566
MMRF_2538,6.8223953,3.0637996,-11.781612,11.843617
MMRF_2548,8.883148,3.410233,-26.880365,7.6940956
MMRF_2554,4.33165,0.9341183,8.266027,4.788575
MMRF_2587,2.2707276,-0.0807211,28.840559,-10.449521
MMRF_2622,10.357008,0.704855,-24.212994,-10.338803
MMRF_1546,5.883804,4.00135,-5.979136,20.156897
MMRF_2401,8.096402,0.6485769,-8.054723,-12.554286
MMRF_2595,3.3829975,-0.18913862,21.969757,6.7670383
MMRF_2598,1.6509404,-1.4278444,35.917324,-2.8244133
MMRF_2614,1.876559,0.39176932,23.949797,-4.609733
MMRF_2574,6.7923765,2.2041945,-6.6006365,5.299677
MMRF_2605,6.5846972,3.8107753,-11.02432,21.255848
MMRF_2596,1.7595842,0.015203127,26.460768,-10.792419
MMRF_2599,2.5962055,-0.82100576,28.188356,0.5917642
MMRF_2597,3.491449,-1.3559428,31.041882,13.52052
MMRF_2608,9.267921,3.190489,-26.085678,3.8683493
MMRF_2621,8.059,2.0473418,-16.16684,1.888968
MMRF_2631,10.019642,2.9200175,-31.320793,1.7640741
MMRF_2583,2.053949,0.9110005,17.673082,-11.669252
MMRF_2604,8.114194,3.3924723,-18.187035,9.389566
MMRF_2635,8.110334,0.36473727,-7.240914,-11.81193
MMRF_2630,1.9398344,0.9948475,20.01859,-10.7231245
MMRF_2519,3.0815597,-1.4935988,30.265463,5.548669
MMRF_2518,4.7116346,-0.6532872,7.36364,1.5311484
MMRF_2526,5.8136163,3.796383,-5.8306313,18.172134
MMRF_2543,9.894048,2.0617461,-25.464144,-3.9946666
MMRF_2567,1.4667761,0.9297427,17.87863,-6.238888
MMRF_2572,1.7368015,0.13421847,27.44572,-8.353695
MMRF_2580,5.555443,-0.74730587,-1.5759736,-7.370372
MMRF_2602,7.7018332,2.1190512,-12.999656,3.8055866
MMRF_2601,1.9393406,-0.05202708,26.870766,-11.276565
MMRF_2606,7.932278,0.467499,-9.931999,-10.998767
MMRF_2613,1.6238648,0.7617131,21.94937,-6.953219
MMRF_2634,10.987227,1.9525319,-33.16415,-6.000847
MMRF_2636,7.263555,2.4652982,-11.160251,4.914445
MMRF_2637,8.954668,2.0734954,-19.230217,-1.02967
MMRF_2638,11.1747,1.7014548,-31.411615,-7.2537036
MMRF_2639,10.668398,0.87240094,-26.677826,-10.429862
MMRF_2641,5.660611,3.1880085,-2.799701,17.09652
MMRF_2642,2.5253084,-1.8919678,26.926817,12.507168
MMRF_2643,7.634785,2.9830892,-13.578206,8.220726
MMRF_2646,5.4679103,-0.83947045,-1.5382435,-6.805014
MMRF_2535,9.836482,-0.037973236,-22.33121,-15.1763735
MMRF_1079,1.5867416,0.60507524,23.13267,-9.218599
MMRF_2682,8.774136,0.80052614,-13.961172,-10.580269
MMRF_2654,7.1437716,1.9329937,-8.348775,7.84021
MMRF_2664,2.0865493,-0.71394545,33.643013,-8.776718
MMRF_2680,2.7765236,-1.4197488,30.681526,3.6539438
MMRF_2507,4.6647344,-1.199079,16.792032,7.7317696
MMRF_2689,8.351345,2.8524523,-21.195858,6.362794
MMRF_2651,6.483925,3.4241648,-12.214053,16.770557
MMRF_2652,6.9936643,3.8452063,-16.48249,17.566353
MMRF_2667,9.347355,0.99047685,-22.79821,-7.906011
MMRF_2670,2.5161808,-0.34766632,33.75103,-12.716561
MMRF_2675,2.972268,-1.7881885,33.260548,7.8454037
MMRF_2676,8.626068,3.2392197,-27.300749,9.509313
MMRF_2677,2.8355742,-1.5002002,30.070526,1.4303662
MMRF_2681,7.6808524,3.8219438,-20.675074,15.2475195
MMRF_2678,2.5003912,-2.1360407,36.4107,6.347561
MMRF_2718,10.093398,0.20833467,-21.076637,-16.101131
MMRF_2721,4.841579,-1.2165654,14.484568,6.8870726
MMRF_2690,9.316064,1.3916514,-22.569666,-5.497218
MMRF_2695,5.2848134,2.027683,1.8041103,8.259613
MMRF_2699,4.2784023,-0.48894322,23.37029,10.679875
MMRF_2723,1.7567128,-1.857243,37.954224,0.9146437
MMRF_2719,8.077148,1.6347945,-12.358032,-1.2679545
MMRF_2722,7.7912393,1.4654472,-8.368863,-2.7523854
MMRF_2691,4.8045835,-0.41043082,8.633188,12.02846
MMRF_2694,9.065071,1.5736197,-18.715538,-5.053339
MMRF_2696,3.0359225,-2.0326762,34.537045,5.2997503
MMRF_2698,5.2877913,1.0762563,4.7107882,13.768238
MMRF_2702,9.924412,0.35705072,-21.13798,-13.052363
MMRF_2700,4.8559275,-0.43706554,9.13919,11.20148
MMRF_2705,4.504815,-1.8382894,15.624909,12.860094
MMRF_2706,8.646314,3.2659552,-24.05494,6.9613657
MMRF_2709,2.7573793,-2.035944,35.940933,6.398611
MMRF_2716,6.3164873,2.5534594,-5.891556,11.185466
MMRF_1988,2.3131056,0.042216897,31.62578,-10.080013
MMRF_2754,10.23471,0.017902402,-25.517735,-14.391005
MMRF_2727,1.2895925,-0.85945505,36.422604,-5.5062127
MMRF_2731,3.1935477,0.20672007,22.191427,2.7099738
MMRF_2732,9.749013,3.0488985,-30.110062,2.0431426
MMRF_2733,3.6285927,-0.97704697,28.306416,10.508461
MMRF_2734,3.0650017,-0.89626986,26.35045,4.552212
MMRF_2737,3.2931528,-1.170287,28.202322,7.5855837
MMRF_2740,1.8261553,1.0791498,19.25,-8.223214
MMRF_2757,5.5158043,2.8637707,-1.3068029,12.715328
MMRF_1805,10.038413,-0.21462665,-25.918385,-15.672729
MMRF_2728,1.6465231,1.0363302,19.492584,-5.5311975
MMRF_2729,9.532848,0.022366736,-18.843378,-15.3135395
MMRF_2739,6.5888424,2.6340442,-7.3840065,11.300303
MMRF_2742,1.7845,1.0316092,21.252632,-8.770681
MMRF_2743,2.0990882,-0.911774,28.13551,-2.8243184
MMRF_2745,7.365094,3.419801,-16.41722,13.234096
MMRF_2746,8.16003,1.5727448,-12.127638,-1.8788002
MMRF_2750,10.08491,0.11583893,-23.804468,-13.414157
MMRF_2751,7.6514926,3.9244056,-23.04652,13.326536
MMRF_2760,8.986578,3.1009629,-23.761007,5.131658
MMRF_2761,7.957081,3.0379846,-15.009465,8.43412
MMRF_2762,7.976621,1.7553343,-8.297594,-0.5667582
MMRF_2763,2.1719718,-0.71163386,30.90311,-3.9409268
MMRF_2764,5.278027,2.8836944,1.0439931,14.152057
MMRF_2767,7.7178392,1.2062554,-7.5973988,-2.9370615
MMRF_2769,9.919266,-0.19189823,-23.244038,-15.389234
MMRF_2770,4.857178,-1.4891012,13.567467,12.128946
MMRF_2772,9.906124,-0.37131834,-25.881187,-17.289701
MMRF_2774,8.1779175,2.962235,-20.63353,7.7949176
MMRF_2776,8.873633,-0.019891083,-16.465153,-20.616156
MMRF_2778,4.7498283,-1.604528,14.780256,13.202979
MMRF_2779,3.3197072,-1.4868637,30.689579,7.270978
MMRF_2781,5.7491455,1.9991051,-1.8380213,3.590304
MMRF_2782,4.6150913,-1.4393082,16.133999,9.303395
MMRF_2787,9.494578,0.14267312,-17.43826,-16.100637
MMRF_2788,10.105538,0.99729985,-23.697462,-8.710179
MMRF_2789,7.8191485,2.24099,-14.5903635,3.2327156
MMRF_2793,6.0404844,1.7261609,0.04714928,1.0406653
MMRF_2794,5.726759,1.9331855,-1.5434865,2.9115975
MMRF_2795,5.035277,-1.1619946,14.852045,8.550826
MMRF_2801,9.566889,0.03134645,-18.728395,-15.783872
MMRF_2799,4.4230537,-2.0194685,12.495166,2.8689017
MMRF_2807,8.233137,0.62142694,-11.1320715,-13.682087
MMRF_2808,10.506739,0.5045536,-26.914322,-12.402806
MMRF_2813,3.0502338,-0.4877662,20.321077,6.0553007
MMRF_2814,7.5830846,2.2671113,-12.954334,4.357781
MMRF_2815,9.635678,1.9641886,-24.007536,-2.6644137
MMRF_2816,2.9135911,0.96055824,13.3955765,-10.500783
MMRF_2817,9.861259,0.19887668,-20.509588,-13.8169365
MMRF_2818,10.475851,0.6070731,-27.551907,-13.386496
MMRF_2820,5.2079287,-0.98583645,10.4257965,5.1193104
MMRF_2822,2.9166675,0.7833287,13.9083395,-12.887373
MMRF_2831,8.019008,0.38847116,-8.736338,-11.802
MMRF_2827,3.392605,-0.59538305,26.625835,8.563659
MMRF_2826,3.6889112,-1.3868856,31.152466,14.168165
MMRF_2828,8.5017,2.1182148,-18.655415,0.93584764
MMRF_2834,9.968768,2.0901887,-25.765778,-4.5666704
MMRF_2829,9.22942,0.16686544,-15.662014,-17.936132
MMRF_2830,3.2724946,-1.2217243,29.459742,10.025382
MMRF_2832,1.4708812,0.04267973,25.116367,-6.9002624
MMRF_2836,8.163396,0.49369246,-12.390327,-11.150312
MMRF_2848,4.7902265,-0.15038967,3.8577094,-1.0315745
MMRF_2847,4.6244726,-0.6610754,8.065095,1.1784614
MMRF_2851,9.356324,1.1995105,-21.836966,-6.2704697
