"","1p","1q","2p","2q","3p","3q","4p","4q","5p","5q","6p","6q","7p","7q","8p","8q","9p","9q","10p","10q","11p","11q","12p","12q","13q","14q","15q","16p","16q","17p","17q","18p","18q","19p","19q","20p","20q","21q","22q"
"MMRF_1231",0,0,0,0,0,0,0,0,0,0,0,0,0,0,0,0,0,0,0,0,0,0,0,0,0,0,0,0,0,0,0,0,0,0,0,0,0,0,0
"MMRF_1032",0,0,0,0,0,0,0.885,0.885,0.935,0.935,0,0,0,0,0,0,0.96,0.96,0,0,0.954,0.954,0,0,0,0,0.947,0,0,0,0,0,0,1.884,1.884,0,0,0,0
"MMRF_1327",0.142,0.94,0,0,0,0,-0.692,-0.692,0,0,0,0,0,0,0,0,0,0,0,0,0,0,0,0,-0.984,-0.902,0,0,-0.988,0,0,0.272,0.272,0,0,0,0,0,0
"MMRF_1210",0,0,0.892,0.892,0,0,0.935,0.935,0.973,0.973,0,0,0.951,0.951,0,0,1.922,1.922,0,0,0.94,0.94,0,0,0,0,1.852,-0.107,-0.107,-0.152,-0.152,0,0,1.641,1.641,0.938,0.832,0.913,-0.18
"MMRF_1269",-0.341,0.899,0,0,0,0,0,0,0,0,0,0,0,0,0,0,0,0,0,0,0,0,0,0,0,0,0,0,0,0,0,0,0,0,0,0,0,0,0
"MMRF_1251",0,0,0,0,0,0,0,0,0,0,0,0,0,0,0,0,0,0,0,0,0,0,0,0,-0.958,-0.132,0,0,0,-0.114,-0.114,0,0,-0.239,-0.239,0,-0.118,0,-1.057
"MMRF_1328",0,0.95,0,0,0,0,0,0,0.198,0.198,0,0,0,0,-0.769,0.205,0.947,0.947,0,0,0,0,0,0,-0.964,0,0,0,0,0,0,0,0,0,0,0,0,0.969,0
"MMRF_1171",0,0,0,0,0.105,0.105,0,0,0.993,0.993,0,0,0,0,0,0,0.989,0.989,0,0,0.965,0.965,0,0,-0.984,0,1.922,0,0,0,0,0,0,0.845,0.845,0,0,0,-1.03
"MMRF_1354",0,0,0,0,0.952,0.952,0,0,0.956,0.956,0.933,0.933,0.945,0.945,0,0,0.959,0.959,0,0,0,0,-0.709,0,0,0,0.949,0,0,0,0,0,0,0.782,0.15,0,0,0.964,-0.118
"MMRF_1344",0.964,0.964,0.953,0.953,0,0.965,0,0,0.967,0.967,0.884,0,0.949,0.949,0,0,0.96,0.96,0.958,0.958,0,0,0,0,-0.981,0,0.961,0,0,0,0,0.96,0.96,1.853,1.853,0,0,0,0
"MMRF_1403",0.125,0.125,0,0,0,0,-0.1,-0.1,0,0,0,0,0,0,-0.928,-0.928,0.968,1.076,0,0,0,0,0,0,-0.971,0,0,-0.923,-0.923,0,0,1.016,1.016,0,0,0,0,1.075,0
"MMRF_1408",-0.632,-0.632,0,0,0,0,0,0,0,0,0,0,0,0,-0.872,-0.67,0,0,-0.643,-0.643,0,0,-0.633,-0.633,-0.637,-0.646,0.722,-0.654,-0.654,-0.104,-0.104,-0.64,-0.64,0,0,0,0,-0.647,-0.694
"MMRF_1338",0,0,0,0,0,0,0,0,0,0,0,0,0.373,0.373,0,0,0,0,0,0,0,0,0,0,0,0,0,0,0,0,0,0.581,0.581,0,0,0,0,0,0
"MMRF_1342",0,0,0,0,0.932,0.932,0,0,0.894,0.894,0,-0.895,0,0,0,0,1.915,1.915,0,0,1.954,1.954,-0.952,-0.952,0,0,0.988,0,0,-0.968,0,0.927,0,0.988,0.988,0,0,0.881,0
"MMRF_1352",0,0,0,0,0,0,0,0,0,0,0,0,0,0,0,0,0.616,0.616,0,0,0.616,0.616,0,0,0,0,0,0,0,0,0,0,0,0,0,0,0,0,0
"MMRF_1380",0,0,0,0,0,0,0,0,0,0,0,0,0,0,-0.965,-0.965,0,0,0,0,0,0,0,0,-0.969,-0.962,1.076,0.139,0.139,-0.924,0,0,0,0.144,0.144,0,0,0.973,-0.903
"MMRF_1389",0,0,0,0,0,0,0,0,0,0,0,0,0,0,0,0,0,0,-0.344,-0.344,0,0,-0.382,-0.382,0,-0.386,-0.356,-0.245,-0.245,0,0,0,0,0,0,-0.978,0,0,0
"MMRF_1388",1.031,1.999,0,0,0.986,0.986,-0.989,-0.989,0,0,0,0,0,0,0,0,0,0,0,0,0,0,0,0,0,0,0,0,0,0,0,0,0,0.939,0,0,0,0,0
"MMRF_1395",0,0,0,0,0.908,0.908,0,0,0.929,0.929,0,0,0.923,0.923,0,0,0.939,0.939,0,0,0.954,0.954,0,0,0,0,1.929,0,0,0,0,0,0,0.976,0.976,0,0,0.923,0
"MMRF_1391",0,0,0,0,1.002,1.002,0,0,0,0,0,0,0,0,0,0,0.994,0,0,0,0,0,-0.928,-0.928,-0.995,0,0,0,0,0,0,0,0,0,0,0,0,0,0
"MMRF_1359",0,0.951,0,0,0,0,0,0,0,0,0,0,0,0,-0.971,0,0,0,-0.471,0,0,0,-0.939,0,0,0,0,0,0,0,0,0,0,0,0,0,0,0,0
"MMRF_1267",0,0,0,0,0,0,0,0,0,0,0,0,0,0,-0.392,0,0,0.907,0,0,0,0,0,0,-0.972,-0.972,0,0,0,0,0,-0.796,0,0,0,0,0,0,0
"MMRF_1274",0.948,0.948,0.926,0,0,0,0,0,0.919,0.919,0,0,0.996,0.996,-0.941,-0.941,0.928,0.928,0,0,0,0,0,0,-0.943,0,0.926,0,-0.895,0,0,0,0,0.714,0.714,0,0,0,0
"MMRF_1037",-0.13,0,0.924,0.924,0.739,0.739,0.633,0.633,0.969,0.969,0,0,0,0,0,0,0.943,0.943,0,0,1.009,1.553,0,0,0,0,1.58,-0.157,-0.157,-0.22,-0.22,0,0,1.5,1.5,0,0,0,-0.246
"MMRF_1033",0,0,0,0,0,0,0,0,0.888,0.888,0,0,0,0,0,0,0.878,0.878,0,0,0.829,0.829,0,0,0,0,0.78,-0.147,-0.147,-0.172,-0.172,0,0,0.486,0.486,-0.106,-0.106,0.802,-0.263
"MMRF_1031",0.802,0.802,0,0,0.816,0.816,0.702,0.702,0.791,0.791,0.829,0.829,0.79,0.79,-0.875,0,1.684,1.684,-0.106,-0.106,0.819,0.819,0.8,0,-0.874,0,0.908,0,0,0,0,0.805,0.805,1.755,1.755,0,0,0,0
"MMRF_1068",-0.387,-0.387,0,0,0.817,0.817,0,0,0.759,0.759,0,0,0.875,0.875,-0.323,-0.323,0.804,0.804,-0.281,-0.281,0.802,0.802,-0.297,-0.297,-0.269,-0.262,0.958,-0.231,-0.231,0.147,0.147,0,0,0.363,0.363,0,0,0,-0.176
"MMRF_1078",0,0.674,0,0,0.853,0.853,0,0,0,0,0,0,0.828,0.828,0,0,0.413,0.413,0,0,0.413,0.413,0,0,-0.975,0,0,0,0,0,0,0,0,0.851,0.851,0,0,0,-0.477
"MMRF_1086",-0.465,-0.465,0.278,0.278,0.279,0.279,0.284,0.284,0.279,0.279,-0.469,-0.469,0.288,0.288,-0.478,-0.478,1.031,1.031,-0.346,-0.346,0.285,0.285,-0.473,-0.473,-1.293,-0.471,1.037,-0.471,-1.207,-1.129,-1.129,-0.47,-0.47,0.27,0.27,-0.47,-0.47,1.03,-0.457
"MMRF_1082",-0.987,0.008,0,0,0,0.99,0,0,0,0,0,0,0,0,0,0,0,0,0,0,0,0,0,0,0,0,0,0,-0.92,0,0,0,0,0,0,0,0,0,0
"MMRF_1092",0,0,0,0,0.947,0.947,0,0,1.862,1.862,0,0,0.93,0.93,0,0,1.841,1.841,0,0,1.527,0.93,0,0,0,0,1.883,0,0,0,0,0,0,0.787,0.787,0,0,0,-0.109
"MMRF_1325",0,0,0,0,0,0,0,0,0,0,0,0,0,0,0,0,0,0,0,0,0,0,0,0,0,0,0,0,0,0,0,0,0,0,0,0,0,0,0
"MMRF_1364",0,0,0,0,1.595,1.595,-0.202,-0.202,1.821,1.821,0,-0.121,1.709,1.709,0,-0.112,0.913,1.592,0,0,1.729,1.729,0,0,0,0,1.933,0.111,0,0,0,1.77,1.77,1.917,1.917,0,0,1.653,0
"MMRF_1383",0,0,0,0,0.247,0.676,-0.607,-0.607,0,0,0.686,0,0,0,-1.293,-0.644,0.664,0.664,-0.642,-0.642,0,0,-0.648,-0.648,-0.645,-0.637,0.709,-0.647,-0.647,-0.658,-0.658,0,0,0.579,-0.601,-0.64,-0.64,-0.667,0.891
"MMRF_1377",-0.763,0.115,0,0,0,0,-1.004,-1.004,0,0,0,0,0,0,-0.883,-0.883,0,0,0,0,0,0,0,0,-0.927,-0.932,0,-0.927,-0.927,0.113,0.113,0,0,0.128,0.128,0,0.104,0,-0.803
"MMRF_1360",0,0,0,0,0.878,0.878,-0.109,-0.109,0.946,0.946,0,0,0.921,0.921,0,0,2.004,2.004,0,0,0.961,0.961,0,0,-0.963,0,1.973,0,0,0,0,0,0,1.052,1.052,0,0,0,0
"MMRF_1371",0,0,0,0,0.95,0.95,0,0,0.956,0.956,1.34,-0.946,0.945,0.945,0,0,0.953,0.953,0,0,0.933,0.933,0,0,0,0,0.967,0,0,0,0,0.974,0.974,0.863,0.863,0,0,1.892,0
"MMRF_1089",0.959,0.959,1.79,0,0.953,0.953,0,0,0.895,0.895,0,0,0.925,0.925,-0.051,0.932,0.937,0.937,0,0,1.876,1.876,-0.741,0,0,0,2.139,0.888,0,0,0,0,0,1.713,1.713,0.721,0.721,0.932,0
"MMRF_1365",0,0,0,0,0,0,0,0,0,0,0,-0.968,0,0,0,0,0,0,0,0,0,0,0,0,0,0,0,0,0,0,0,0,0,0,0,0,0,0,0
"MMRF_1356",0.979,0.979,0,0,0,0,0,0,0,0,0,0,0,0,0,0,0,0.917,0,0,0,0,0,0,-0.954,0,0,0,0,0,0,0,0,0,0,0,0,0,0
"MMRF_1270",0,0,0,0,0,0,-0.816,0,0,0,0,0,0,0,0,0,0,0,-0.977,-0.977,0,0,0,0,-0.984,-0.976,0,-0.973,-0.973,0,0,0,0,0,0,-0.986,-0.986,0,-0.93
"MMRF_1323",0,1.44,0,0,0,0,0,0,0.814,0.814,0.628,0.628,0,0,0,0,0.91,0.91,0,0,0,0,0,0,-0.895,0,0.569,-0.122,-0.122,-0.143,-0.143,0,0,-0.168,-0.168,0,0,0.843,-0.146
"MMRF_1180",0,1.959,0,0,0,0,0,0,0,0,0,0,0,0,0,0,0,0,0,0,0,0,0,0,-0.991,0,0,0,0,0,0,0,0,0,0,0,0,0,0
"MMRF_1188",-0.409,0,0,-0.306,0.276,0.276,-0.384,-0.384,0.764,0.764,0.272,0.272,0.241,0.241,-0.38,-0.38,0.908,0.908,-0.409,-0.409,0.259,0.259,-0.399,-0.399,-0.378,-0.399,0.252,-0.454,-0.454,-0.432,-0.432,-0.398,-0.398,0.718,0.718,-0.326,-0.326,0.224,-0.469
"MMRF_1300",0,1.928,0.965,0.965,0.969,0.969,0,0,0,0,1.006,0,0.961,0.961,0,0,1.05,1.05,0,0.13,0.533,0,0,0,-0.962,0,0.963,0,0,-0.111,-0.111,0,0,0.756,0.756,0,0,0,-0.123
"MMRF_1331",0,0,0,0,0.977,0.977,0,0,0.976,0.976,0,-0.866,0.96,0.96,0,0,1.002,1.002,0,0,0.975,0.975,0,0,-0.968,0,1.83,0,0,0,0,0,0,0.881,0.881,0,0,1.844,0
"MMRF_1185",-0.307,-0.307,0,0,0,0,0,0,0,0,0,0,0,0,0,0,0,0,0,0,0,0,0,0,-0.446,-0.443,0,0,0,0,0,0,0,0,0,-0.22,-0.22,0,0
"MMRF_1348",-0.378,-0.378,-0.396,-0.396,0,0,0,0,0,0,0,0,0,0,-0.393,-0.393,0,0,0,0,0,0.85,0,0,-0.85,0,0,-0.425,-0.425,0,0,0,0,0,0,-0.418,-0.418,0,-0.501
"MMRF_1284",0,0,0,0,0.82,0.82,0,0,0.802,0.802,0,0,0,0,0,0,0.815,0.815,0,0,1.615,1.615,0,0,0,0,0,0,0,0,0,0,0,0.77,0.77,0,0,0,0
"MMRF_1202",0,0.928,0,0,0,0,0,0,0,0,0,0,0,0,0,0,0,0,0,0,0,0,0,0,-0.984,0,0,0,0,0,0,0,0,0,0,0,0,0,0
"MMRF_1466",0,0,0,0,0.975,0.975,0,0,0.981,0.981,0.97,0.97,0.957,0.957,0,0.782,0.986,1.676,0,0,1.867,1.867,0,0,0,0,0.943,0,-0.785,0,0,0,0,0.986,0.986,0.727,0.727,0,0
"MMRF_1446",0,0,0,0,0,0,0.135,0.135,0,0,0,0,0,0,0,0,0,0,0,0,0,0,0,0,0,-0.973,0,-0.157,-0.157,-0.145,-0.145,0,0,-0.22,-0.22,-0.145,-0.145,0,-0.186
"MMRF_1447",-0.64,-0.64,0,0,0,0,-0.563,-0.563,0.131,0.787,0,0.113,0,0,-1.293,-1.293,0.766,0.766,-0.589,-0.589,0,0,-0.659,-0.659,-0.593,-0.623,1.329,0,-0.559,-0.726,-0.726,-0.606,-0.606,0.373,0.212,-0.704,-0.704,-0.631,-0.757
"MMRF_1445",0.677,0.677,0,0,0,0,-0.659,0,0,0,0,-0.668,0,0,-0.973,-0.973,0,0,0,0,0,0,0,0,-0.998,-0.988,0.234,0,-0.976,0,0,0,0,0,0,-0.989,0,0,0
"MMRF_1433",1.004,1.004,0,0,0,0,0,0,0,0,0,0,0,0,0,0,0,0,0,0,0,0,0,0,-0.97,0,0,0,0,0,0,0,0,0,0,0,0,0,0
"MMRF_1434",0,0,0,0,0,0,0,0,0,0,0,0,0,0,0,0,0,0.776,0,0,0,0,-0.71,-0.71,0,0,0,0,0,0,0,0,0,0,0,0,0,0,0
"MMRF_1436",0,0,0,0,0.878,0.878,0,0,0.883,0.883,0,0,0,0,0,0,0.858,0.858,0,0,0.874,0.874,0,0,0,0,0.897,0,0,0,0,0,0,0.856,0.856,0,0,0,0
"MMRF_1424",0,0,0,0,0,0.567,0,0,0,0,0,0,0,0,0,0,0,0.464,0,0,0,0,0,0,-0.946,-0.93,0,0,-0.916,-0.981,-0.981,0,0,-0.162,-0.162,0,0,-0.257,0
"MMRF_1425",-0.168,-0.168,0.683,0.683,0.687,0.687,-0.193,-0.193,0.687,0.687,-0.253,-0.253,0.688,0.688,0.659,0.659,0.797,0.797,-0.177,-0.177,0.872,0.872,-0.185,-0.185,-0.196,-0.182,0.736,-0.141,-0.141,0,0,-0.134,-0.134,1.591,1.591,-0.17,-0.17,0.689,-0.167
"MMRF_1439",0,0,0,0,0,0,0,0,0,0,0,0,0,0,0,0,-0.991,0.983,0,0,0,0,-0.969,0,0,0,0,0,0,0,0,0,0,0.931,0,-0.584,0,0,0
"MMRF_1450",0,1.192,0.505,0,0,0,0,0,1.486,1.486,0,0,1.65,1.65,-0.351,0,0.882,0.882,0,0.164,0.486,0.486,0,0,-0.987,0,1,0,-0.966,0.728,0.728,0.812,0.812,0.921,0.921,0,0,0,0
"MMRF_1451",0,0.882,0,0,0,0,-0.972,0,0,0,0,-0.886,0,0,-0.95,-0.95,0,0,0,0,0.683,0,0.139,0.139,-0.955,-0.969,0.156,0,0,0,0,-0.436,0.544,0.925,0,-0.475,0.505,0,0
"MMRF_1454",0.388,0.682,0,0,0,0,0,0.118,0,0,0,-0.95,0,0,0,0,0.105,0.105,-0.305,-0.305,-0.967,0.06,-0.322,-0.322,-1.001,0,0,-0.114,-0.114,0,0,0,0,0,0,0,0,0,-0.911
"MMRF_1460",-0.669,0,0,0,0,0,0.887,0.887,0.88,0.88,0,-0.891,0,0,0,0,0.916,0.916,0,0,0.915,0.915,0,0,-0.941,-0.923,0.949,0,0,0,0,0,0,0.928,0.928,0,0,0,0
"MMRF_1461",0,1.052,0,0,0,0.871,0,0,0,0,0,0,0,0,0,0,0,0,0,0,0,0,0,0,-0.993,0,0,0,0,0,0,0,0,0,0,0,0,0,0
"MMRF_1324",0,0.956,0,0,0.936,0.936,0,0,0,0,0,0,0,0,0,0,0,0,0,0,0,0,0,0,-1.001,-0.987,0,0,0,0,0,0,0,0,0,0,0,0.979,0
"MMRF_1392",0,0,0,0,0.955,0.955,0,0,1.846,1.846,0,0,0.93,0.93,0,0,0.972,0.972,0,0,0.936,0.936,0,0,0,0,1.905,-0.102,-0.102,0.816,0.816,0,0,1.739,1.739,0,0,0.907,-1.028
"MMRF_1413",0,0,0,0,0,0,0,0,0,0.626,0,0,0.729,0.729,-0.643,-0.643,0,0,0,0,0,0,-0.66,-0.66,-0.648,-0.673,1.326,-0.689,-0.689,0,0,-0.65,-0.65,0.524,0.524,-0.67,-0.67,0.874,-0.723
"MMRF_1393",0,0,0,0,0,0,0,0,0.92,0.92,0,0,0,0,0,0,0.897,0.897,0,0,0.906,0.906,0,0,0,0,0.935,0,0,0,0,0,0,0.765,0.765,0.893,0.893,1.787,0
"MMRF_1148",0.747,0.864,0,0,0.98,0.98,0,0,0.952,0.952,0,0,0.898,0.898,-0.899,0,0.852,0.852,0,0,0,0,-0.14,0,0,-0.121,0.837,-0.186,-0.186,0.651,0.651,0.939,0.939,1.364,0.385,-0.209,-0.209,0.895,-0.262
"MMRF_1349",0.96,0.96,0,0,0,0,0,0,0,0,0,0,0,0,0,0,0,0,0,0,0,0,0,0,-0.979,0,0,0,0,0,0,0,0,-0.154,-0.154,0,0,0,-0.166
"MMRF_1432",0.841,0.841,0,0,0,0,0,0,0,0,0,0,0,0,0,0,-0.945,0,0,0,0,0,0,0,-0.96,-0.951,0,-0.955,-0.955,-0.97,0,0,0,0.344,0,0,0,0,-0.935
"MMRF_1293",0,0,0,0,0.881,0,0,0,0.881,0,0.204,0,0.974,0.974,0,0,0.958,0.958,0,0,1.002,1.002,0,0,0,0,0,0,-0.101,0,0,0,0,0.907,0.907,0,0,0,0
"MMRF_1216",0,1.899,0.976,0,0,0,0,0,0,0,0,0,0,0,-0.378,0,0,0,-0.583,0,0,0,0,0,-0.986,0,0.466,0,0,0,0,0,0,0,0,0,0,0,0
"MMRF_1178",0.849,0.849,0,0,0.905,0.905,0,0,0,0,0.868,0.868,0.157,0.157,0,0,0.9,0.775,0,0,0,0,0,0,-0.901,0,0.875,-0.115,-0.115,0,0,-0.823,0,-0.131,-0.131,0,0,0,-0.208
"MMRF_1401",0,0.93,0,0,0,0,0,0,0,0,0,0,0,0,0,0,0.943,0.943,0,0,0.936,0.936,0,0,0,0,0,0,0,0,0,0,0,-0.12,-0.12,0,0,0,-0.13
"MMRF_1489",0,0,0,0,0.948,0.948,0,0,1.798,1.798,0.932,0.932,0.846,0.846,0,0,1.709,1.709,0,0,1.763,1.763,0,0,0,0,1.5,-0.133,-0.133,0.123,0.123,0,0,0.668,0.668,0,0,0.884,-0.193
"MMRF_1318",0,0,0,0,1.056,1.056,0,0,0,0,0,0,0,0,-0.134,0,1.01,1.01,0,0,0,0,0,0,-0.94,0,0,-0.153,-0.153,-0.173,-0.173,0,0,0.509,0.509,-0.119,-0.119,0,-0.269
"MMRF_1361",0,1.835,0,0,0,0,0,0,0,0,0.835,0,0,0,0,0,0,0,0,0,0,0,0,0,-0.964,-0.957,0,-0.105,-0.105,-0.143,-0.143,0,0,-0.157,-0.157,0,0,0,-0.178
"MMRF_1021",0.433,0.871,0,0,0,0,0,0,0,0,0,0,0,0,0,0,0,0,0,0,0,0,0,0,-0.946,-0.587,0,0,0,0,0,0,0,0.821,0.821,0,0,0,0
"MMRF_1030",0,0,0,0,0,0,0,0,0.988,0.988,0,0,0,0,0,0,0.957,0.957,0,0,0.978,0.978,0,0,0,0,0.951,-0.333,-0.462,0,0,0,0,0.877,0.877,0,0,0.968,0
"MMRF_1485",0,0.958,0,0,0,0,0,0,0.946,0,0.97,0,0.949,0.949,0,0,0.959,0.959,0,0,0,0,0,0,0,0,0.616,0,0,0,0,0,0,0.963,0.963,0,0,0,0
"MMRF_1491",-0.708,-0.708,0,0,0,0,-0.122,-0.122,0,0,0,-0.697,0.269,0.269,-0.287,-0.287,0,0.25,-0.203,-0.203,0,0,-0.949,-0.949,-0.928,0,0,-0.867,-0.867,-0.72,0.114,0.112,0.112,0.194,0.194,0.116,0.226,0,0.187
"MMRF_1029",0,0,0,0,0.813,0.813,0,0,0,0,0.341,0.341,0,0,0,0,-0.287,0.565,0,0,0.959,0.959,0,0,-0.823,0,0,0,-0.841,0,0,0.328,0.328,1.156,1.156,0,0,0.291,0
"MMRF_1502",0,0.9,0,0,0.972,0.972,0.948,0.948,0,0,0,0,0.979,0.979,0,0,0,0,0,0,0.948,0.948,-0.959,0,-0.987,0,1.872,-0.132,-0.132,-0.128,-0.128,0.971,0.971,0.717,0.717,0,0,0.945,-0.168
"MMRF_1358",0,0,0,0,0.954,0.954,0,0,0.918,0.918,0,0,0,0,0,0,0.976,0.976,0,0,0,0,0,0,0,0,0.983,0,0,0,0,0,0,1.03,1.03,0,0,0,0
"MMRF_1108",0,0,0,0,0,0,0,0,0.97,0.97,0,-0.778,0,0,-0.825,0,0.951,0.951,0,0,0.926,0.926,0,0,0,0,0.947,0,0,0,0,0,0,0.831,0.831,0,0,0.961,0
"MMRF_1164",0,0,0,0,0,0,0,0,0,0,0,0,0,0,0,0,0,0,0,0,0,0,0,0,-0.581,0,0,0,0,0,0,0,0,0,0,0,0,0,0
"MMRF_1250",0,0.892,0,0,0.941,0.941,0,0,1.86,1.86,0.888,0.888,0.931,0.931,0,0,1.815,1.815,0,0,0.916,0.916,0,0,-0.995,0.909,1.888,0,-0.982,0,0,0,0,0.969,0.969,0,0,0,-0.969
"MMRF_1453",-0.462,1.271,0,0,0,0,0,0,0,0,0.551,0,0.103,0.103,0,0.501,0,0,0,0,0,0,0,-0.915,-0.979,-0.963,0,0,-0.916,-0.707,0,0,0,0,0,0,0,0,0
"MMRF_1462",-0.028,0.325,0,0,0,0,0,0,0,0,0.201,0.201,0,0,0,0,0.295,0.295,0,0,0,0,0,0,-0.94,-0.678,0,0,0,0,0,0,0,0,0,0,0,0,0
"MMRF_1501",-0.16,-0.16,0.122,0.122,-0.117,0.661,-0.113,-0.113,0.806,0.806,0.787,0.787,1.055,1.055,-0.127,-0.127,1.134,1.134,-0.151,-0.151,0.754,1.047,-1.048,-1.048,-0.188,-0.135,1.67,-0.194,-0.194,-0.689,0.364,-0.133,-0.133,0.814,0.347,0,0,0.839,-0.239
"MMRF_1499",0,0,0,0,1.852,1.852,0,0,1.774,1.774,0,0,1.842,1.842,0.147,0.668,1.82,1.82,0,0,1.854,1.854,0,0,0,1.804,1.977,0.431,0,-0.34,0,0,0,1.756,1.756,0,0,0,-0.102
"MMRF_1497",0,0.139,0,0,0,0,0,0,0,0,0,0,0,0,0,0,0,0,0,0,0,0,-0.606,0,-0.984,-0.969,0,0,0,0,0,0,0,0,0,-0.362,0,0,0
"MMRF_1484",0,0,0,0,0,0,0,0,0,0,0,0,0,0,0,0,0,0,0,0,0,0,0,0,0,0,0,0,0,0,0,0,0,0,0,0,0,0,0
"MMRF_1519",-0.616,0,0,0,0,0,-0.628,-0.628,0,-0.274,0,-0.256,0,0.699,-0.305,-0.305,0.479,0,-0.634,-0.634,0,0,0,0,-1.293,-0.596,0.105,-1.193,-1.193,-0.648,0,-0.627,-0.627,0.526,0.526,0.097,0.228,0,-0.689
"MMRF_1516",0,0,0,0,0,0,0,0,0,0,0,0,0,0,0,0,0,0,0,0,0,0,0,0,0,0,0,0,0,0,0,0,0,0,0,0,0,0,0
"MMRF_1511",0,0,0,0,0,0.863,0,0,0.961,0.961,0.948,0.948,0.944,0.944,0,0,0.938,0.938,0,0,0,0,0,0,0,0,0.943,0,0,0,0,0,0,0.804,0.804,0,0,0.929,0
"MMRF_1510",-0.256,0.338,0.565,0.565,0.574,0.574,-0.258,-0.258,-0.248,-0.248,1.118,-0.262,0.609,0.609,-1.076,-0.261,0.835,0.835,-0.265,-0.265,0.562,0.562,-0.258,-0.258,-0.264,-0.266,0.567,-0.335,-0.335,0.535,0.535,0.576,0.576,0.529,0.529,-1.103,0,0.566,-0.29
"MMRF_1506",-0.992,0,0,0,0,0,-0.943,0,0,0,0,0,0,0,0,0,0,0,0,0,0,0,0,0,-0.982,0,0,-1.001,-1.001,0,0,-0.981,-0.981,0,0,0,0,0,-1.014
"MMRF_1309",0,0,0,0,0,0,0,0,0.95,0.95,0,-0.908,0.895,0.895,0,0,0,0,0,0,0,0,0,0,0,0,0.885,0,0,0,0,0,0,0.639,0.639,0,0,0,-0.129
"MMRF_1045",0,0.945,0,0,0.971,0.971,0.989,0.989,0,0,0,0,0,0,0,0,0,0,0,0,0.957,0.957,0,0,0,0,0,0,0,0,0,0,0,0,0,0,0,0,0
"MMRF_1048",0,0,0,0,0,0,0,0,0,0,0,-0.976,0,0,0,0,0,0,0,0,0,0,-0.983,0,-0.985,0,0,0,0,0,0,0,0,0.868,0,0,0,0,0
"MMRF_1098",0,0,0,0,0,0,0,0,0,0,0,0,0,0,0,0,0,0,0,0,0,0,0,0,-0.95,-0.958,0,0,0,0,0,0,0,0,0,0,0,0,-0.983
"MMRF_1167",-0.626,0,0.684,0.044,0,0,-0.634,-0.634,0.66,0,0,-0.321,0,0,-1.293,0,0,0,-0.643,-0.643,0,0,-0.641,-0.641,-1.293,-0.637,0,-1.293,-1.293,-0.654,0,-0.649,-0.649,0.607,0,-0.642,0,-0.642,-0.657
"MMRF_1286",0,0,0,0,0,0,0,0,0,0,0,0,0,0,0,0,0,0,0,0,0,0,0,0,0,0,0,0,0,0,0,0,0,0,0,-0.886,0,0,0
"MMRF_1538",0,0,0,0,0.958,0.958,0,0,0.958,0.958,0.937,0.937,0.926,0.926,0,0,0.947,0.947,0,0,0.958,0.958,0,0,0,0,0.945,0,0,0,0,0,0,1.766,1.766,0,0,0,0
"MMRF_1556",0,0,0,0,0,0,0,0,0,0,0,0,0,0,0,0,0,0,0,0,0,0,0,0,0,0,0,0,0,0,0,0,0,0,0,0,0,0,0.114
"MMRF_1522",0,0,0,0,0,0.461,0,0,0.889,0.889,0.466,0,0.392,0.392,0,0,1.481,1.481,0,0,1.382,1.382,0,0,0,0,0.904,0,0,0,0,0,0,1.784,0,0,0,0.901,0
"MMRF_1531",0,0.984,0,0,0.969,0.969,0,0,0.953,0.953,0.633,0,0.98,0.98,0,0,0.967,0.967,0,0,0,0,0,0,-0.179,0,0.998,0,-0.86,0,0,0,0,0.905,0.905,0,0,0,0
"MMRF_1534",0,0,0,0,0,0,0,0,0,0,0,0,0,0,0,0,0,0,0,0,0,0.909,0,0,0,0,0,0,0,0,0,0,0,0,0,0,0,0,0
"MMRF_1539",0,0,0,0,0,0,0,0,0,0,0,0,0,0,0,0,0,0,0,0,0,1.013,0,0,0,0,0,0,0,0,0,0,0,0,0,0,0,0,0
"MMRF_1540",0,0,0,0,0,0,0,0,0,0,0,0,0,0,-0.664,0,0,0,0,0,0,0,0,0,0,0,0,0,0,0,0,0,0,0,0,-0.551,0,0,0
"MMRF_1542",-0.151,-0.151,-0.127,-0.127,0.253,0.253,0,0,0,0,-0.304,-0.304,0,0,-0.269,0.128,0,0,0,0,1.005,1.005,-0.144,-0.144,0.118,0,-0.139,-0.198,-0.871,0,0.465,0,0,0,0,0,0,0.131,0
"MMRF_1550",0,0.773,0,0,0,0,0,0,0,0,0.997,0,0.984,0.984,0,0,1.976,1.976,0,0,0.993,0.993,0,0,0,0,0.997,0,-0.996,0,0,0.988,0.988,0.978,0.978,0,0,0.989,0
"MMRF_1560",0,0.202,0,0,0.949,0.949,0,0,0,0,0,0,0,0,-0.903,0,0,0,0,0,0,0,0,0,0,0,0.953,0,0,0,0,0,0,0.99,0.99,0,0,0,-0.94
"MMRF_1570",0,0,0,0,0,0,0.95,0.95,0,0,0,0,0,0,0,0,0.924,0.924,0,0,0,0.927,0,0,0,0,0,0,0,0,0,0,0,0.864,0.864,0,0,0,0
"MMRF_1573",0,0,0,0,0.935,0.935,0,0,0.933,0.933,0.931,0.931,0.924,0.924,0,0,0.93,0.93,0,0,0,0,0,0,0,0,0.924,0,0,0,0,1.876,1.876,0.892,0.892,0,0,0.924,0
"MMRF_1572",0,0,0,0,0.169,0.169,0,0,0.128,0.128,0,0,0,0,-0.925,-0.925,0,0,0,0,0,0,-0.599,-0.599,-0.94,-0.911,0,0,0,0,0,-0.914,-0.914,0,0,0,0,-0.913,0
"MMRF_1574",0,0,0,0,0.924,0.924,0,0,0.939,0.939,0,0,0.905,0.905,0,0,1.88,1.88,0,0,0.826,0.826,0,0,0,0,0.884,0,0,-0.127,-0.127,0,0,0.724,0.724,0.124,0.124,0.902,-0.16
"MMRF_1577",0,0,0,0,1.014,1.014,0,0,1.011,1.011,0,0,0.959,0.959,0,0,0.951,0.951,0,0,0.958,0.958,0,0,0,0,0,0,0,0.871,0.871,0,0,0.805,0.805,0,0,0.962,-0.117
"MMRF_1579",0,0.943,0,0,0.17,0.17,0,0,0,0,0.148,0.148,0,0,-0.169,0,0.951,0.951,0,0,0.181,0.181,0,0,0,0,0.192,0,0,0,0,0.152,0.152,0.891,0.891,0,0,0.141,-0.121
"MMRF_1580",0,0,0,0,0,0,0,0,0,0,0,0,0,0,0,0,0,0,0,0,0,0,0,0,0,0,0,0,-0.897,0,0,0,0,0,0,0,0,0,0
"MMRF_1583",0,0,0,0,0,0,0,0,0,0,0.512,-0.464,0,0,-0.954,-0.954,0.944,0.944,0,0,0,0,-0.98,-0.98,-0.979,-0.982,0,0,0,0,0,0,0,0,-0.897,0,0,0,-0.997
"MMRF_1586",0,0.871,0,0,0,0,0,0,0,0,0,0,0,0,0,0,0,0,0,0,0,0,0,0,-0.971,0,0,0,0,0,0,0,0,0,0,0,0,0,0
"MMRF_1587",0,0.913,0,0,0,0,0,0,0,0,0,0,0,0,0,0,0,0,-0.945,-0.945,0,0,0,0,-0.974,-0.988,0,0,0,0,0,0,0,0,0,0,0,0,-1.025
"MMRF_1589",0,0,0,0,0,0,0,0,0,0,0.433,-0.541,0,0,0,0,0.136,0.136,0,0,0.923,0.923,-0.41,-0.41,0,-0.55,0,0,0,0,0,0,0,0.396,0.396,0,0,0,0
"MMRF_1595",0.195,0.195,0,0,0,0,-0.173,-0.173,0,0,0,0,0,0,-0.865,0,0,0,0,0,0,0,0,0,-0.896,-0.868,0,0,-0.863,-0.87,-0.87,0,0,0,0,-0.154,0,0,-0.287
"MMRF_1593",-0.231,-0.231,0,0,0,0,-0.639,-0.639,0.582,0.582,0,0,0,0,-0.608,-0.608,0.603,0.603,0,0,0.623,0.623,-0.596,-0.596,-0.648,-0.641,0.716,-0.56,-0.56,0,0,-0.104,-0.104,0.58,0.58,0,0,0.604,-0.669
"MMRF_1596",-0.952,0,0,0,0,0,0,0,0.938,0.938,0,0,0,0,0,0,0.991,0.991,0.21,0.21,0.93,1.921,0,0,-0.973,0,1.872,0,-0.157,-0.956,0,0,0,1.137,1.137,-0.979,0,0,-0.973
"MMRF_1603",0,0.766,0.778,0.778,0.193,0.193,0,0,0.976,0.976,0,0,0,0,0,0,0.968,0.968,0,0,0.941,0.198,0,0,-0.767,0,0.99,0.117,0.117,0,0,0,0,0.943,0.943,0,0,0,0.923
"MMRF_1605",0,0,0,0,0,0,0,0,0.917,0.917,0,0,0,0,-0.948,-0.948,0,0,0,0,0,0,0,0,-0.954,-0.948,0,0,-0.898,0,0.94,0,0,0,0,0,0,0,0
"MMRF_1543",0,0,0,0,0,0,-0.653,-0.653,0,0,0,0,0,0,-0.64,-0.64,0.591,0,-0.652,-0.652,0,0,-0.657,-0.657,-0.645,-0.648,0.656,-0.674,-0.674,-0.658,-0.658,-0.647,-0.647,0.608,0.608,-0.645,-0.645,0,-0.649
"MMRF_1598",0,0,0,0,0,0,0,0,0,0,0,0,0,0,0,0,0,0,0,0,0,0,-0.971,0,0,0,0,0,0,0,0,0,0,0,0,0,0,1.005,0
"MMRF_1597",0,0,0,0,0,0,0,0,0.853,0.853,0,0,0,0,0,0,0.985,0.815,0,0,0.839,0.976,-0.26,-0.26,0,0,0.965,0,-0.939,0,0,0,0,0.84,0.84,0,0,0,-0.253
"MMRF_1613",0,0.921,0,0,1.015,1.015,0,0,0,0,0,0,0,0,0,0,0,0,0,0,0,0,0,0,-0.992,0,0.984,0,0,0,0,0,0,0,0,0,0,0,0
"MMRF_1614",0,0,0,0,0.995,0.995,0,0,0.988,0.988,0,0,0.979,0.979,0,0,0.963,0.963,0,0,0.968,0.968,0,0,0,0,0.973,0,-0.479,-0.295,0,0,0,1.796,1.796,0,0,1.955,0
"MMRF_1617",0,0,0,0,0,0,0,0,0,0,0,0,0,0,0,0,0,0,0,0,0,0,0,0,0,0,0,0,0,0,0,0,0,0,0,0,0,0,0
"MMRF_1618",0,0,0,0,0,0,0,0,0,0,0,0,0,0,0,0,0,0,0,0,0.978,0.978,0,0,-0.985,0,0,0,-0.923,0,0,0,0,0.788,0.788,-0.922,0,0,-1.051
"MMRF_1621",0,0,0,0,0,0.955,0,0,0.938,0.938,0,0,0.938,0.938,-0.876,0,0.949,0.832,0,0,0.912,0.912,0,0,0,0,1.764,-0.118,-0.118,-0.972,-0.972,0,0,0.661,0.477,0,0,0,-0.181
"MMRF_1625",0.929,0.929,0,0,0.966,0.966,0,0,0,0,0,0,0,0,0,0,0.99,0.99,0,0,0,0,0,0,0,0.925,0,-0.119,-0.119,0.756,0.756,0,0,0.619,0.619,-0.221,-0.221,0.118,-0.226
"MMRF_1634",0,0.929,0,0,0,0,0,0,0,0,0.101,0.101,0,0,0,0,0,0,-0.766,0,0,0,0,0,-0.944,0,0,1.07,1.07,0,0,0,0,0,0,0.13,0.13,0,0
"MMRF_1512",0,0,0,0,1.023,1.023,0,0,1.001,1.001,0,0,0,0,0,0,0.953,0.953,0,0,0,0,0,0,0,0,0.924,0,0,-0.111,-0.111,0,0,0.69,0.69,0,0,0,-0.146
"MMRF_1624",0.851,0.851,0,0,1.055,1.055,-0.865,0,0.941,0.941,0.871,-0.129,0.829,0.829,-0.414,0,0.924,0.924,0,0,0.908,0.908,0,0,-0.535,0.902,0.914,-0.13,-0.13,-0.102,0.648,0.915,0.915,1.371,0.769,0,0,0,-0.229
"MMRF_1627",0,1.84,0,0,0,0,0,0,0,0,0,0,0,0,0,0,0,0,0,0,0,0,0,0,-0.974,-0.989,0,0,0,0,0,-0.546,0,0,0,0,0,0,0
"MMRF_1630",-0.125,1.302,0,0,0.959,0.959,0,0,0,0,0,0,0,0,0,0,0,0,0,0,0,0,0,0,0,0,0,0,0.839,-0.141,-0.141,0,0,0.689,0.689,-0.103,-0.103,0,-0.185
"MMRF_1633",-0.811,0,0,0,0,0,0,0,0.996,0.996,0.36,-0.329,0.982,0.982,-0.399,0.278,1.404,1.404,0,0,0.961,0.961,0,0,0,0,1.938,0,0,0,0,0,0,0.87,0.87,0,0,0,0
"MMRF_1637",0,0.173,0.17,0,0,0,-0.39,-0.39,0,0,0,0,0,0,0,0,0,0,0,0,-1.293,-1.293,0,0,-0.476,0.152,0,0,0,-0.144,0,0,0,0.803,0,-0.383,-0.383,0,0
"MMRF_1639",0,0.976,0,0,0.924,0.924,0,0,0.946,0.946,0.916,0.916,0.93,0.93,0,0,1.279,1.279,0,0,0,0,0,0,-1.004,0,0.908,0,0,0.78,0.78,0.368,0.368,0.804,0.804,0,0,0,-0.124
"MMRF_1640",0,0,-0.582,-0.582,0,0,-0.614,-0.614,0,0,-0.621,-0.621,0.719,0.719,-0.634,-0.634,0,0,0,0,0,0,-0.624,-0.624,-1.293,-0.616,1.229,-0.601,-0.601,-0.586,-0.586,0,0,0.59,0.416,-0.586,-0.586,0.736,-0.572
"MMRF_1641",0,0,0.695,0,0.962,0.962,0,0,0.878,0.878,0,0,0.487,0.487,0.567,0.567,0.919,0.919,0,0,1.836,1.836,-0.198,0,-0.36,0,1.639,0.867,0,0,0,0.075,0.218,0.794,0.794,0,0,0.679,-0.36
"MMRF_1643",0,0,0,0,0,0,0,0,0.959,0.959,0,0,0.955,0.955,-0.755,0,0.954,0.954,0,0.893,0.959,0.959,0,0,0,0,1.689,0,0,0,0,0,0,1.684,1.118,0,0,0,0
"MMRF_1644",0,0.934,0,0,0,0,0,0,0.681,0.681,0,0,0,0,-0.994,0,0.948,0.948,0.768,0.768,0,0,0,0,-0.993,0,0.956,0,0,-0.693,0,0,0,0.848,0.848,0,0,0.953,0
"MMRF_1651",0,0,0,0,0,0,0,0,0.999,0.999,0.928,0.928,0.968,0.968,0,0,0.86,0.86,0.959,0.959,0,0,0.971,0.971,-0.973,0,0.949,0,0,0.794,0.794,0,0,0.889,0.889,0,0,0.97,-1.006
"MMRF_1652",0,0,0,0,0.152,0.152,0,0,0.96,0.96,0,0,0.935,0.935,-0.952,0,0.954,0.812,0,0,0,0,0,0,0,0,2.21,-0.14,-0.14,-0.174,-0.174,0,0,0.593,0.593,-0.184,-0.184,0.934,-0.202
"MMRF_1665",0,0,0,0,0.856,0.856,0,0,1.843,1.843,0,-0.904,0.907,0.907,-0.326,0.177,0.894,0.894,0,0,0.912,1.395,0,0,0,0,1.806,0,0,-0.849,0,0,0,0.826,0.826,0,0,0.911,0
"MMRF_1656",0.077,0.953,0,0,0,0,0,0,0.912,0.912,0,0,0,0,0,0,0.9,0.9,0,0,0.895,0.895,0,0,0,0,0.902,0.687,0,0,0,0.909,0.909,0.817,0.817,0,0,0,0
"MMRF_1664",0,0,0,0,0,0,0,0,0,0,0,0,0,0,0,0,0,0,0,0,0,0,-0.888,0,-0.949,0,0,0,0,0,0,0,0,0,0,-0.894,0,0,-1
"MMRF_1668",-0.345,0.619,0,0,0.841,0,0,0,-0.852,0,0,-0.973,0,0,0,0,0,0,0,-0.333,0,0,-0.266,-0.266,-0.963,-0.971,0,0,0,-0.958,0,0.188,0.188,0,0,0,0,0,-0.332
"MMRF_1671",0,0.949,0,0,0,0,0.184,0.184,0,0,0,0,0,0,0,0,0,0,0,0,0,0,0,0,0,0,0,0,0,0,0,0,0,0,0,0,0,0,0
"MMRF_1695",0,0,0,0,0,0,0,0,0.532,0.532,0.527,0.527,0.537,0.537,0,0,0,0,0,0,0.546,0.546,0,0,0,0,0.567,0,0,0.571,0.571,0.532,0.532,1.109,0,0,0,0,0
"MMRF_1683",0,1.807,0,0,0,0,0,0,0,0,0,0,0,0,-0.262,0,0,0,0,0,0,0,0,0,-0.977,0,0,0,0,0,0,0,0,0,0,0,0,0,-1.016
"MMRF_1714",0,0,0,0,0.991,0.991,0,0,0.991,0.991,0,0,0.955,0.955,0,0,0.992,0.992,0,0,0,0,0,0,-0.975,0,0.943,0,0,0,0,0,0,0.826,0.826,0,0,0,0
"MMRF_1730",0,0,0,0,0,0,0,0,0.925,0.925,0,-0.941,0,0,0,0,0.925,0.925,0,0,0.923,0.923,0,0,0,0,0.931,0,0,0,0,0,0,0.827,0.827,0.802,0,0.934,0
"MMRF_1758",-0.606,0,0,0,0,0,-0.624,-0.624,0.72,0.72,0,-0.531,0,0,-1.293,-1.293,0.696,0.696,0,0,0,0,-0.637,-0.637,-0.631,-0.634,0.699,-0.662,-0.662,-0.67,-0.67,-0.632,-0.632,0.55,0,0,0,-0.63,-0.677
"MMRF_1721",0,0,0,0,0,0,0,0,0,0,0,0,0,0,0,0,0,0,0,0,0,0,-0.98,0,-0.973,-0.315,0,0,0,-0.498,0,0,0,0,0,0,0,0,0
"MMRF_1648",0,-0.101,0,0,0,0,-0.572,-0.572,0,0,0,-0.646,0,0,-0.68,-0.68,0,0.683,-0.641,-0.641,0.669,0.669,-0.646,-0.646,-0.638,-0.638,1.31,-0.657,-0.657,-0.653,-0.653,0,0,0.621,0.621,-0.653,-0.653,0.668,-0.651
"MMRF_1677",0,0,0,0,0,0,0,0,0,0,0,0,0,0,0,0,0,0,0,0,0,0.981,0,0,0,0,0,0,0,0,0,0,0,0,0,0,0,0,0
"MMRF_1744",0,0,0,0,0,0,0,0,0,0,0,0,0,0,-0.979,0.238,0,0,0,0,0,0,-0.079,0.158,-0.985,0,0,0,0,-0.985,-0.985,-0.989,0,0,0,0,0,0,0
"MMRF_1735",0,0,0,0,0.963,0.963,0,0,0.96,0.96,0,0,0.948,0.948,0,0,1.889,1.889,0,0,1.876,1.876,0,0,0,0,1.877,0,0,0,0,0,0,0.865,0.865,0,0,0.948,0
"MMRF_1739",0,0,0,0,0.967,0.967,0,0,0.957,0.957,0,0,0.946,0.946,-0.961,0,0.95,0.95,0,0,0.959,0.959,0,0,0,0,1.927,0,0,0,0,0,0,1.801,0.917,0,0,1.911,0.936
"MMRF_1694",0,0,0,0,0,0,0,0,0,0,0,0,0,0,0,0,0,0,0,0,0,0,-0.954,-0.954,-0.953,-0.952,0,0,-0.118,0,0,0,0,0,0,0,0,0,-0.963
"MMRF_1713",0,0,0,0,0.958,0.958,0,0,1.894,0.959,0,-0.954,0.945,0.945,0,0,0.941,0.941,0,0,1.899,0.951,0,0,-0.957,0,1.91,0,0,0,0,0,0,0.911,0.911,0,0,0.964,0
"MMRF_1722",0,0.156,0,0,0,0,0,0,0,0,0,0,0,0,0,0,0,0,0,0,0,0,0,0,-0.94,0,0,0,0,0,0,0,0,0,0,0,0,0,0
"MMRF_1659",-0.198,0.234,0.334,-0.201,0.669,0.669,-0.231,-0.231,0.65,0.65,0.593,-0.16,0,0.114,-0.135,-0.135,0.649,0.649,-0.238,-0.238,0.82,0.82,-0.228,-0.228,-0.248,0.529,2.436,-0.234,-0.234,-0.229,-0.229,0.746,0.746,1.49,1.49,0,0,-0.247,-0.216
"MMRF_1689",0,0,0.859,0.859,0.89,0.89,0,0,0.833,0.833,0,0,0.855,0.855,0,0.839,0.888,0.888,0,0,0,1.044,0,0,-0.974,-0.965,1.83,0,0,0,0,0,0,1.8,1.8,0,0,0,0
"MMRF_1645",0,0,0,0,0,0,0,0,0,0,0,0,0,0,0,0,0.981,0.981,0,0,0,0.978,0,0,0,0,0,0,0,0,0,0,0,0,0,0,0,0,0
"MMRF_1720",0,0,0,0,0,0,0,0,0.997,0.997,0,0,0,0,0,0,1.034,1.034,0,0,0,0,0,0,0,0,0.965,0,0,0,0,0,0,0.438,0.438,0,0,0.976,0
"MMRF_1715",0,0.993,0,0,0,0,0,0,0,0,0,0,0,0,-0.687,0,0,0,0,0,0,0,0,0,-0.867,0,0,0,-0.917,0,0,0,0,0.8,0,0,0,0,-0.793
"MMRF_1726",0,0.968,0,0,0,0,0.985,0.985,0.981,0.981,0,0,0.958,0.958,-0.035,0.953,1.959,1.959,0,0,0,0,0,0,-0.981,0,0,-0.112,-0.99,0,0,0,0,0.878,0.878,0,0,0,0
"MMRF_1523",0,0.959,0,0,0,0,0,0,0,0,0,0,0,0,-1.003,0,0,0,0,0,0,0,0,0,0,0,0,0,-0.965,0,0,0,0,0,0,0,0,0,0
"MMRF_1670",0,0,0,0,0,0,0,0,0,0,0,0,0,0,0,0,0,0,0,0,0,0,0,0,0,0,0,0,-0.605,0,0,0,0,0,0,0,0,0,0
"MMRF_1672",0,0,0.975,0.975,0.978,0.978,0,0,0.979,0.979,0,0,0.972,0.972,0,0,0.969,0.969,0,0,0.967,0.967,0,0,0,-0.994,0.973,0,0,0,0,0,0,0.929,0.929,0.542,0.952,1.969,0
"MMRF_1719",0,0,0,0,0,0,0,0,0.997,0.997,0,0,0,0,0,0,0.966,0.966,0,0,1.917,1.917,0,0,0,0,1.935,0,0,0,0,0,0,0.801,0.801,0,0,0,0
"MMRF_1733",0,0,0,0,0.872,0.872,0,0,0.871,0.871,0,0,0.882,0.882,0,0,0.919,0.919,0,0,1.802,1.802,0,0,0,0,0.912,0,0,0.945,0.945,0,0,1.1,1.1,0,0,0,0
"MMRF_1736",0,0,0,0,0,0,0,0,0.978,0.978,0,0,0,0,-0.992,-0.992,0,0,0,0,0.988,0,0,0,-0.991,0,0,0,0,0,0,0,0,1.128,0,0,0,0,-0.982
"MMRF_1750",0,0,0,0,1.015,1.015,0,0,0,0,0.931,0,0,0,0,0,0,0,0,0,0,0,0,0,0,0,0,0,0,0,0,0,0,0,0,0,0,0,-0.94
"MMRF_1768",-0.656,0,0,0,0,0,-0.642,-0.642,0,0,0.641,0.028,0,0,-0.647,-0.647,0,0,-0.651,-0.651,0,0,0,0,-0.641,-0.647,0,-1.293,-1.293,0,0,-0.632,-0.632,0,0,-0.663,-0.663,-0.646,-0.677
"MMRF_1771",0,1.875,0.917,0.917,1.238,1.429,0,0,0.905,0.905,0,0,0.93,0.93,-0.607,1.137,0.89,0.89,0,0,0,0,0,0,0,0,0.894,0,0,0.104,0.104,0,0,0.906,0.906,0.404,0.906,0.924,0
"MMRF_1773",0,0,0,0,-0.955,0,0,0,0,0,0,0,0,0,0,0,0,0,0,0,0,0,0,0,0,0,0,0,0,0,0,0,0,0,0,0,0,0,0
"MMRF_1775",0,0,0,0,0,0,0,0,0.891,0.891,0,0,0,0,0,0,0.878,0.878,0,0,0.88,0.88,0,0,0,0,1.767,0,0,0,0,0,0,0.806,0.806,0,0,0,0
"MMRF_1777",0,0,0,0,0,0,0,0,0.711,0.711,0.71,0.71,0.684,0.684,0,0,0.672,0.672,0,0,0,0,0,0,0,0,0.682,0,0,0,0,0.704,0.704,0.545,0.545,0,0,1.379,-0.101
"MMRF_1778",0.891,0.891,0,0,0,0,0,0,0,0,0,0,0,0,0,0,0,0,0,0,-0.948,0,0,0,0,0,0,0,0,0,0,0,0,0,0,0,0,0,0
"MMRF_1782",0,0,0,0,0,0,-0.13,0,0,0,0,0,0,0,0,0,0.954,0.954,0,0,0,0,0,0,-0.948,-0.955,0,0,0,0,0,0,0,0,0,0,0,-0.959,0
"MMRF_1785",0,1.885,0.96,0,0,0,0,0,0,0,0.938,0,0,0,-0.993,0,0,0,0,0,0,0,0,0,-0.976,0,0,0,0,0,0,0,0,0,0,0,0,0,0
"MMRF_1787",0,0.94,0,0,0,0,0,0,0,0,0.944,-0.957,0,0,0,0,0,0,0,0,0,0,0,0,0,0,0,0,0,0,0,0,0,0,0,0,0,0,0
"MMRF_1792",0,0,0,0,0,0,0,0,0.99,0.99,0,-0.94,0.957,0.957,-0.91,0,0.947,0.947,0,0,0.938,0.938,0,0,0,0,1.923,0,-0.823,0,0,0,0,0.933,0.933,0,0,0.99,0
"MMRF_1793",0,0,0,0,0.933,0.933,0.957,0.957,0.937,0.937,0,0,0.926,0.926,0,0,0.914,0.914,0,0,0,0,0,0,0,0,1.842,0,0,0,0,0,0,0.805,0.805,0,0,0,0
"MMRF_1797",0.95,0.95,0,0,0,0,0,0,0,0,0,-0.956,0,0,0,0,0,0,0,0,0,0,0,0,0,0,0,0,0,0,0,0,0,0,0,0,0,0,0
"MMRF_1795",-0.639,0,0,0,0,0,-0.662,-0.662,0,0,0,-0.651,0,0,-0.684,-0.684,0.666,0.666,-0.661,-0.661,0,0,-0.661,-0.661,-0.661,-1.293,0.666,-0.665,-0.665,-0.662,-0.662,0,0,0.641,0,-0.654,-0.654,0.677,-0.659
"MMRF_1796",0,0,0,0,0,0,0,0,0,0,0,0,0,0.846,0,0,0,0,0,0,0,0,0,0,0,0,0,0,0.929,0.917,0.917,0,0,1.816,0,0,0,0,0
"MMRF_1802",0,0,0,0,0.973,1.544,0.977,0.977,0.973,0.973,0,0,0.976,0.976,0,0,0.964,0.964,0,0,0.97,0.97,0,0,0,0,0.969,0,0,0,0,0,0,1.883,1.883,0,0,0,0
"MMRF_1808",0,0,0,0,0.918,0.918,0,0,0,0,0,0,0,0,0,0,0.891,0.891,0,0,0.9,1.814,0,0,0,0,0,0,0,0,0,0,0,0.813,0.813,0,0,0,0
"MMRF_1810",0,0.932,0,0,0.102,0,0,0,1.053,1.053,0,0,0.939,0.939,0,0,0.951,0.951,0,0,0,0,0,0,-0.996,0,0,0,-0.96,0,0,0,0,0.89,0.89,0,0,0,0
"MMRF_1815",0.847,0.847,0,-0.398,0,0.96,0,0,0,0,0,0,0,0,-0.972,0,0,0,-0.944,0,0,0,0,0,-0.957,0,0.225,0,0,0,0,0,0,0,0,0,0,0,0
"MMRF_1822",0,0,0,0,0,0,0,0,0,0,0,0,0,0,0,0,0,0,0,0,0,0,0,0,-0.99,0,0,0,0,0,0,0,0,0,0,0,0,0,0
"MMRF_1823",0,0,0,0,0,0,0,0,0,0,0,-0.527,0,0,0,0,0,0,0,0,0,0,0,0,-0.952,-0.954,0,0,0,0,0,0,0,0.532,0.532,0,0,-0.948,0
"MMRF_1825",0,0.98,0,0,0.978,0.978,0.977,0.977,0,0,0.977,0.977,0,0,0,0,0,0,0,0,0.979,0.979,0,0,-0.984,0,0.984,0,0,0,0,0,0,0.947,0,0,0,0,0
"MMRF_1830",1.129,1.129,0,0,0,0,0,0,0,0,0.907,0,0,0,0,0,0,0,0,0,0,0,0,0,0,0,0,0,0,0,0,0,0,-0.103,-0.103,-0.961,0,0,0
"MMRF_1831",-0.904,0,0,0,0.925,0.925,0,0,0.708,0.708,0,0,0.178,0.178,0,0,0.698,1.559,0,0,1.785,1.785,0,0,0,0,1.015,0,-0.685,-0.731,0,-0.916,0,1.59,1.59,0,0,0.914,0
"MMRF_1423",0,0,0,0,0.94,0.94,0,0,0,0.956,0.998,0.998,0.971,0.971,0,0,0.994,0.994,0,0,0.987,0.987,-0.954,0,0,0,1.007,0,0,0,0.965,0,0,1.035,1.035,0,0,1,0
"MMRF_1700",0,0,0,0,0,0,0,0,0.954,0.954,0,0,0,0,0,0,-0.884,0.919,0,0,0.992,0.992,0,-0.917,-0.818,0,1.844,0,0,0,0,0,0,0.824,0.824,0,0,0,0
"MMRF_1786",0,0,0,0,0,0,0,0,1.004,1.004,0,0,0,0,0,0,0.934,0.934,0,0,0.9,0.9,0,0,-0.971,0,1.883,0,0,-0.104,-0.104,0,0,0.746,0.746,0,0,0.671,-0.14
"MMRF_1801",0.961,0.961,0,0,0,0,0,0,0,0,0,0,0,0,0,0,0,0,0,0,0,0,0,0,0,0,0,0,0,0,0,0,0,0,0,0,0,0.122,0
"MMRF_1832",0,0,0,0,0,0,0,0,0,0,0,0,0,0,0,0,0,0,0,0,0,0,0,0,-0.99,0,0,0,-0.994,0,0,0,0,0,0,0,0,0,0
"MMRF_1835",0.111,0.111,0,0,0,0,0,0,0,0,0,0,0,0,0,0,0,0,0,0,0,0,0,0,0,0,0,0,0,0,0,0,0,0,0,0,0,0,0
"MMRF_1783",-0.691,0.13,0,0,0,0,0,0,0,0,0,0,0,0,-0.375,0,0,0,0,0,0,-0.116,-0.368,0,-0.97,0,0,0,0,0,0,0,0,0,0,-0.133,0,0,0
"MMRF_1766",0,0,0,0,0.976,0.976,0.94,0.94,0.993,0.993,0,0,0,0,0,0,1.169,1.169,0,0,0,0,0,0,0,0,0.96,0,0.579,0,0,0,0,0.86,0.86,0,0,0.972,0
"MMRF_1817",0,0,0,0,0,0,0,0,0,0,0,0,0,0,0,0,0,0,0,0,0,0.996,0,0,-0.992,0,0,-0.148,-0.148,0,0,0,0,0,0,0,0,0,0
"MMRF_1837",0,0,-0.394,-0.394,-0.385,-0.385,-0.395,-0.395,0,0,0,0,0,0,-0.235,-0.235,0,0,0,0,0,0.998,0,0,-0.944,0,0,-0.413,-0.413,-0.413,-0.413,0,0,0,0,0,0,0,-0.29
"MMRF_1845",0.864,0.864,0,0,0.172,0.172,0,0,0,0,0,0,0,0,-0.415,0.113,0.131,0.131,0,0,0,0,0,0,-0.452,0,0,-0.139,-0.139,-0.13,-0.13,-0.477,0,-0.184,-0.184,-0.298,-0.298,0,-0.209
"MMRF_1854",0,0.622,0,0,0.879,0.879,0,0,0.797,0.413,0.868,-0.017,0.876,0.876,0,0,0.859,0.859,0.214,0.214,1.726,1.726,-0.339,0,-0.891,0,1.733,0,-0.845,0.814,0.814,0.879,0.879,1.609,1.609,0,0,0,0
"MMRF_1855",0.563,0.783,0,0,0,0,0,0,0,0,0,0,0,0,0,0,0,0,0,0,0,0,0,0,-0.985,0,0,-1.004,-1.004,0,0,0,0,-0.135,-0.135,0,0,0,-1.058
"MMRF_1860",0,0,0,0,0,0,0,0,0,0,0,0,0,0,0,0,0,0,0,0,0,0,0,0,0,0,0,0,0,0,0,0,0,0,0,0,0,0,0
"MMRF_1867",0,0,0,0,0.932,0.932,0,0,0,0,0,0,0,0,-0.663,0,0.949,0.949,0,0,0,0,0,0,0,0,1.909,0,0,0,0,0.899,0.899,0.795,0.795,0,0,0.937,-0.206
"MMRF_1876",0,0.914,0,0,0.315,0.918,0,0,0,0,0,0,0.937,0.937,-0.554,0.2,0,0,0,0,0.661,0.661,0,0,-0.973,0,0.936,0,0,0,0,0.932,0.932,0.791,0.791,0,0,0.957,-0.104
"MMRF_1565",0,0,0,0,0,0,0,0,0,0,0,0,0,0,0,0,0.873,0.873,0,0,0,0.958,0,0,0,0,0,0,0,0,0,0,0,0,0,0,0,0,0
"MMRF_1710",0,0,0,0,0,0,0,0,0,0,0,0,0,0,0,0,0,0.548,0,0,0,0,0,0,-0.61,-0.602,0,0,0,-0.606,0,0,0,0,0,0,0,0,0
"MMRF_1759",0,0,0,0,0.92,0.92,0,0,0.732,0.732,0,-0.95,0,0,0,0,0.991,0.991,0,0,1.034,1.034,0,0,0,0,1.001,0,0,0,0,-0.234,0.472,1.026,1.026,0,0,0,0
"MMRF_1842",0,0,0,0,0,0,0,0,0,0,0,0,0,0,0,0,0,0,0,0,0,0,0,0,-0.999,0,0,0,0,0,0,0,0,0.827,0,0,-0.976,0,0
"MMRF_1846",0,0,0.939,0,0.997,0.997,0,0,0,0,0.98,-0.017,0.874,0.874,0,0,0.97,0.97,0,0,0.995,0.995,0,0,-0.83,0,0.354,0,-1.003,0,0,0,0,0.864,0.864,0,0,0.809,0
"MMRF_1847",0,0.948,0.102,0,0,0.739,0,-0.893,0.925,0,0,0,0,0,-0.549,0.351,-0.637,0,-0.901,0,0,0,0,0,-0.98,0,0,0,0,0,0,0,0,0,0,-0.955,0,0,0
"MMRF_1856",0,0,0,0,0,0,0,0,0,0,0,0,0,0,0,0,0,0,0,0,0,0,0,0,0,0,0,0,0,0,0,0,0,0,0,0,0,0,0
"MMRF_1654",0,0,0,0,0,0,0,0,0.762,0.762,0.65,0,0,0,0,0,0.817,0.817,0,0,0,0,0,0,-0.713,0,0,0,0,-0.101,-0.101,0,0,0.516,0.516,0,0,0,-0.132
"MMRF_1678",0,0.703,0,0,0.849,0.849,0,0,0.828,0.828,0.709,0,0,0,0,0,0.772,0.772,0,0,0,0,0,0,0,-0.814,0,0,0,-0.12,-0.12,0,0,0.547,0.547,0,0,0,-0.145
"MMRF_1682",0,0,0,0,0.532,0.532,0,0,0.598,0.598,0.605,0.605,1.201,1.201,0,0,0.595,0.595,0,0,0,0,0,0,0,0,0,0,0,0,0,0.598,0.598,0.555,0.555,0,0,0,0
"MMRF_1705",0,0,0,0,0,0,0,0,0,0,0,0,0,0,0,0,0,0,0,0,0,0,0,0,0,-0.76,0,0,0,0,0,0,0,0.692,0.692,0,0,0.732,0
"MMRF_1716",0,0.684,0,0,0.788,0.788,0,0,1.492,1.492,0.802,0.802,0.776,0.776,0,0,2.272,2.272,0,0,0.801,0.801,0,0,-0.68,0,0.77,0,0,0.696,0.696,-0.724,-0.724,0.68,0.68,0,0,0,0
"MMRF_1859",0,0,0,0,0.965,0.965,0,0,1.023,1.023,0,0,0.947,0.947,0,0,1.612,0.965,0,0,0.929,0.929,0,0,0,0,1.503,-0.104,-0.104,0,0,-0.453,-0.453,0.763,0.763,0,0,0.931,-0.121
"MMRF_1865",0,0,0,0,0,0,0,0,0,0,0,0,0,0,0,0,0,0,0,0,0,0,0,0,0,0,0,-0.828,-0.828,0,0,0,0,-0.141,-0.141,0,0,0,-0.129
"MMRF_1871",0,0,0,0,0.993,0.993,0,0,0.887,0.887,0.966,-0.015,0.966,0.966,-1.002,0.015,1.83,1.83,0,0,0,0,0,0,0,0.154,0.94,0,0,0,0,0,0,0.802,0.802,0,0,0.961,-0.116
"MMRF_1879",0,0,0,0,0,0,0,0,0,0,0,0,0,0,0,0,0,0,0,0,0.11,1.067,0,0,-0.984,0,0,0,-0.939,-0.389,0,0.142,0.142,-0.101,-0.101,0,0,0,-0.108
"MMRF_1881",0,0,0,0,0.988,0.988,0,0,0.983,0.983,0.798,0.798,0,0,0,0,0.958,0.958,0,0,0.965,0.965,0,0,0,0,0.921,0,0,0,0,0,0,0.808,0.808,0,0,0.968,-0.102
"MMRF_1886",-0.923,1.928,0,0,0,0,0,0,0,0,0,0,0,0,0,0,0,0,0,0,0,0,0,0,0,0,0,0,0,0,0,0,0,0,0,0,0,0,0
"MMRF_1890",0.461,0.682,-0.505,-0.717,0.163,0.163,-0.7,-0.7,0,0,-0.234,-0.393,0.095,0.29,0.248,1.021,0.148,0.148,0,0,0.266,0.266,-0.799,-0.799,-0.808,-0.105,0.331,-0.12,-0.247,-0.755,0.24,-0.717,-0.579,0.103,-0.176,-0.771,-0.667,0,-0.83
"MMRF_1893",0,0,0,0,0,0,0,0,0.568,0.568,0.553,0.553,0.555,0.555,0,0,0.567,0.567,0.547,0.547,0.57,0.57,0,0,0,0,0.552,0,0,0,0,1.119,1.119,0.5,0.5,0,0,0.553,0
"MMRF_1900",0,0,0,0,0.861,0.861,-0.112,-0.112,0.882,0.882,0,-0.103,0,0.55,-0.51,0,0.879,0.879,0,0,1.15,1.15,0,0,-0.128,0,1.909,0,0,0,0,0,0,1.086,1.086,0,0,1.145,0
"MMRF_1882",0.163,0.163,0,0,0.16,0.16,0,0,0.909,0.909,0,0,0,0,-0.404,0,1.049,1.049,0,0,0.96,0.96,0,0,-0.502,0,0.963,0,-0.347,0,0,0,0,1.632,0.888,0,0,0,-0.107
"MMRF_1541",0.11,0.11,0,0,0,0,0,0,0,0,0,0,0,0,0,0,0,0,0,0,0.841,0.841,0,0,0,0,0,0.114,0,0,0,0,0,0,0,0,0,0,0
"MMRF_1588",0,0,0,0,0.927,0.927,0,0,0.929,0.929,0,0,0.911,0.911,0,0,0.916,0.916,0,0,1.091,1.091,0,0,0,0,0.927,0,0,0.87,0.87,0,0,0.844,0.844,0,0,0,0
"MMRF_1686",0,0,0,0,0.726,0.726,0,0,0.724,0.724,0,0,0.712,0.712,0.73,0.73,1.451,1.451,0.734,0.734,1.443,1.443,0,0,0,0,1.476,0,0,0,0,0,0,0.693,0.693,0,0,1.442,0
"MMRF_1690",-0.193,-0.193,0.575,0.575,0.504,0.504,0,0,1.295,1.295,-0.23,-0.23,1.257,1.257,-0.245,-0.245,0,0.471,-0.253,-0.253,0.557,0.557,-1.008,-1.008,-0.235,-0.233,1.391,-0.288,-0.288,0,0.346,-0.234,-0.234,1.094,1.094,0.247,0.489,-0.254,-0.31
"MMRF_1698",0,0,0,0,0.931,0.931,0,0,0,0,0,0,0,0,0,0,0,0,0,0,0.939,0.939,0,0,0,0,1.013,0,0,0,0,0,0,1.048,1.048,0,0,0.952,0
"MMRF_1780",0,1.857,0,0,0,0,0,0,0,0,0,0,0,0,0,0,0,0,0,0,0,0,0,0,0,-0.936,0,0,0,0,0,0,0,0,0,0,0,0,0
"MMRF_1833",0,0,0,0,0,0,-0.656,-0.656,0,0,0,-0.653,0,0,-1.293,-0.657,0.677,0.677,-0.659,-0.659,0.659,0,-0.656,-0.656,-0.656,-0.656,0.678,-0.669,-0.669,-0.677,0,0,0,0.562,0.562,-0.661,-0.661,0,-0.674
"MMRF_1839",-0.582,0,0,0,0.977,0.977,0,0,1,1,0,0,0.93,0.93,-0.145,0,0.97,0.97,0,0,1.164,1.164,0,0,0,0,1.039,0,-0.697,-0.141,0,0,0,1.801,1.801,0,0,0,0
"MMRF_1850",0,0,0,0,0.984,0.984,0,0,0.988,0.988,0,0,0.966,0.966,0,0,0.996,0.996,0,0.874,0.897,0.897,0,0,0,0,1.864,0,0,0,0,0,0,0.838,0.838,0,0,0,0
"MMRF_1895",0,0,0,0,0.944,0.944,0,0,0.984,0.984,0,0,0,0,0,0,1.7,1.7,0,0,1.876,1.876,0,0,0,0,1.869,-0.108,-0.532,-0.108,-0.108,0,0,1.525,1.525,0,0,0,-0.126
"MMRF_1906",0,0.8,0,0,0,0,0,0,0,0,0,0,0,0,0,0,0,0,0,0,0,0,0,0,0,0,0,0,0,0,0,0,0,-0.158,-0.158,0,0,0,-0.116
"MMRF_1537",-0.335,-0.335,0,0,0.158,0.158,-0.465,-0.465,0.505,0.505,0.847,0.847,0.185,0.185,-0.446,-0.446,0.576,0.689,-0.394,-0.394,0.219,0.219,-0.424,-0.424,-0.458,0,0.244,-0.36,-0.36,0.32,0.32,-0.786,-0.786,0.375,0.375,0,0,-0.348,-0.312
"MMRF_1917",0,0,0,0,0,0,0,0,0,0,-0.183,-0.183,0,0,0,0,0,0,0,0,0,0,0,0,-0.932,0,0,0,0,0,0,0,0,0,0,-0.776,0,0,-0.795
"MMRF_1921",0,0,0.167,0.167,0.882,0.882,0,0,1.726,1.726,0,0,0.869,0.869,0,0,0.869,0.869,0,0,0.875,0.875,0,0,0,0,1.747,0,0,0,0,0,0,0.781,0.781,0,0,0,0
"MMRF_1922",-0.33,0,0.428,0.155,0.449,0.449,-0.301,-0.301,1.225,1.225,1.003,0.141,0.445,0.445,-0.355,0,0.844,0.844,-0.379,-0.379,0.418,0.418,-0.371,-0.371,-0.354,-0.368,1.66,-0.403,-0.403,-0.367,0,-0.367,-0.367,0.25,0.25,-0.369,-0.369,0.758,-0.448
"MMRF_1927",0,0,0,0,0,0.783,-0.855,0,0,0,0,0,0,0,0,0,0,0,0,0,0,0,0,0,0,0,0,0,-0.919,0,0,0,0,0,0,0,0,0,0
"MMRF_1963",-0.95,0,0,0,0,0,0,0,0,0,0,0,0.603,0,-0.943,-0.943,0,0,0,0,0,0,-0.943,-0.943,-0.944,-0.945,0,-0.943,-0.943,0,0,0,0,0,0,0,0,0,-0.962
"MMRF_1967",0,0,0,0,0,0.861,0,0,0,0,0,0,0,0,0,0,0,0,0,-0.947,0.973,0.973,0,0,0,0,0.971,0,-0.918,0,0,0,0,0,0,0.965,0.965,0,0
"MMRF_1965",0,1.806,0,0,0,0,0,0,0,0,0,0,0,0,-0.996,0,0,0,0,0,0,0,0,0,-0.992,0,0,0,0,0,0,0,0,-0.118,-0.118,0,0,0,-1.022
"MMRF_1981",-0.667,-0.667,0,0,0.669,0.669,0.107,0.107,0,0,-0.653,-0.653,0,0.427,-1.293,-0.412,0,0.298,-0.672,-0.672,1.318,1.318,-0.665,-0.665,-0.405,0,1.972,-0.697,-0.697,-1.129,-1.129,0,0,0.504,0.504,0,0,0,-0.618
"MMRF_1992",0,0,0,0,0,0,0,0,0,0,0,0,0,0,0,0,0.889,0.889,0,0,0.679,0.679,0,0,0,0.529,0,0,0,0,0,0.484,0.484,0.709,0.709,0,0,0.858,0
"MMRF_1998",0.972,0.972,0,0,0,0,0,0,0,0,0,0,0,0,0,0,0,0,0,0,0,0,0,0,0,0,0,0,0,0,0,-0.965,0,0,0,0,0,0,0
"MMRF_2000",0,0,0,0,0,0,0,0,0,0,0,0,0,0,0,0,0,0,0,0,0,0,0,0,-0.979,0,0,0,0,0,0,0,0,-0.11,-0.11,0,0,0,0
"MMRF_1880",0,0,0,0,0.997,0.997,0,0,0.996,0.996,0,0,0.982,0.982,0,0,0.982,0.982,0,0,0.992,0.992,0,0,0,0,1.967,0,0,0,0,0,0,0.88,0.88,0,0,0.97,0
"MMRF_2005",0,0,0,0,0,0,0,0,0,0,0,0,0,0,0,0,0,0,0,0,0,0.996,0,0,0,0,0,0,0,0,0,0,0,0,0,0,0,0,-0.191
"MMRF_1851",0,0,0,0,0,0,0,0,0.949,0,0,-0.999,0,0,-0.943,0.946,0,0,0,0,0,0,0,0,-1.007,0,0,0,0,0,0,0,0,0,0,0,0,0,0
"MMRF_1891",0.952,0.952,0,0,0,0,0,0,0,0,0.965,0,0,0,0,0,0.955,0.955,0,0,0,0,0,0,-0.979,0,0,0,-0.919,0,0,0,0,0.805,0.805,0,0,0,0
"MMRF_1911",0,0,0,0,0,0,0,0,0,0,0,0,0,0,0,0,0,0,0,0,0,0,0,0,-0.964,-0.966,0,0,0,0,0,0,0,-0.128,-0.128,0,0,0,-0.112
"MMRF_1932",-0.909,0,0,0,0.453,0.453,0.93,0.93,0.968,0.968,0,0,0.899,0.899,-0.5,0,0.936,0.936,-0.472,0,0.964,1.091,0,0,0,0,0.949,-1.003,-1.003,0,0,0.956,0.956,0.821,0.821,0,0,0.89,0
"MMRF_1985",0,0,0,0,0.825,0.825,0,0,0.846,0.846,0,0,0.706,0.706,-0.734,0,0.846,0.846,0,0,0.834,0.834,0,0,-0.703,0,0.795,-0.102,-0.102,-0.127,-0.127,0.767,0.767,0.557,0.557,0,0,0.612,-0.863
"MMRF_1928",0,0.999,0,0,0.976,0.976,0,0,0,0,0,0,0,0,0,0,0.98,0.98,0,0,0,0,0,0,0,-1,0,0,0,0,0,0,0,0.937,0.143,0,0,0.985,0
"MMRF_1915",-0.402,-0.402,0,0,0,0,0,0,0,0,0,0,0,0,0,0,0,0,0,0,0,1.05,0,0,0,0,-0.394,-0.547,-0.547,-0.576,-0.576,0,0,0.179,0.179,0,-0.119,0,-0.192
"MMRF_1972",-0.133,0,0,0,0.893,0.893,0,0,0.941,0.941,0,0,0.893,0.893,0,0,0.859,0.859,0,0,0.837,0.837,0,0,0,0,0.84,-0.156,-0.156,-0.142,-0.142,0,0,1.561,0.721,-0.918,-0.106,0,-0.16
"MMRF_1977",0,0,0,0,0.948,0.948,0,0,1.004,1.004,0,0,0,0,0,0,0.991,0.991,0,0,0,0.967,0,0,0,-0.924,1.938,0,0,0,0,0,0,0.87,0.87,0,0,0,0
"MMRF_1824",0.61,0.61,0,0,0,0,0,0,0.615,0.615,0,0,0,0,0,0,0.609,0.609,0,0,0,0,0,0,0,0,1.198,0,0,0,0,0,0,0.528,0.528,0,0,0,0
"MMRF_1862",0,0,0,0,0,0,0.138,0.138,0,0,0,0,0.107,0.107,0.108,0.108,0,0,0,0,0,0.36,0,0,0,0.357,0.202,0,-0.565,0,0,0,0,0,0,0,0,0,0
"MMRF_1790",0,0,0,0,0,0,0,0,0,0,0,0,0,0,0,0,0,0,0,0,0,0,0,0,0,0,0,0,0,0,0,0,0,0,0,-0.424,-0.048,0,0
"MMRF_1727",0.973,0.973,0,0,0,0,-0.387,0,0,0,0,0,0,0,0,0,0,0,0,0,0,0,0,0,-0.269,0,0,0,0,0.891,1.009,0,0,0,0,0,0,0,0
"MMRF_1738",0,0.916,0,0,0.921,0.921,0,0,1.789,0,0.936,0.936,0.915,0.915,-0.497,0,0.895,0.895,0,0,1.028,1.028,-0.936,0,-0.928,0,0.941,0,-0.936,-0.952,0,0.908,0.908,0.712,0.712,0,0,0,-0.134
"MMRF_1861",0,0,0,0,0.135,0.135,0,0,0.623,0.623,0,-0.479,0.113,0.113,-0.348,0,0.47,0.47,0,0,0.62,0.62,0,0,-0.104,0,0.664,0,0,0,0,0.571,0.571,1.127,1.127,0,0,0,0
"MMRF_1814",0,0,0,0,0.875,0.875,0,0.821,0.869,0.869,0,-0.838,0,0,0,0,0.881,0.881,0,0,1.532,1.532,0,0,-0.912,0,2.692,0,0,0,0,0,0,1.764,1.764,0,0,0,0
"MMRF_1888",0,0,0,0,0,0,1.021,1.021,0,0,0,0,0.952,0.952,0,0,0.935,0.935,0,0,0,0,0,0,0,0,0.956,0,0,0.84,0.84,0,0,0.768,0.768,-0.935,0,0,0
"MMRF_1918",0,0.764,0,0,0,0,0,0,0,0,0,0,0,0,0,0,0,0,0,0,0,0,0,0,0,0,0,0,0,0,0,0,0,0,0,0,0,0,0
"MMRF_1982",0,0,0,0,0.947,0.947,0,0,0.983,0.983,0.94,0.94,0.935,0.935,0,0,1.918,1.918,0,0,0,0,0,0,0,0,0.941,0,0,0,0,0,0,0.918,0.918,0,0,0,0
"MMRF_1991",0,0.147,0,0,0.847,0.847,0.88,0.88,0.844,0.844,0.887,0.887,0.885,0.885,0,0,0.897,0.897,0,0,0,0,0,0,-1.032,0,1.001,0,0,0,0,0.878,0.878,0.865,0.865,0,0,0,0
"MMRF_2001",0,0,0,0,0.842,0.842,0.793,0.793,-0.101,-0.101,0.834,0.834,0.837,0.837,-0.104,-0.104,0.844,0.844,0,0,0.859,0.859,0,0,-0.108,0,1.831,0,0,-0.108,-0.108,0.851,0.851,1.742,1.742,0,0,-0.111,0.841
"MMRF_2006",0,0,0,0,0.983,0.983,0,0,0.986,0.986,0.989,0.989,0.953,0.953,0.976,0.976,0.98,0.98,0,0,0.978,0.978,0,0,0,0,0.984,0,0,0,0,0,0,0.953,0.953,0,0,0,0
"MMRF_2015",0.142,0.142,0,0,0,0,0,0,0,0,0,-1.007,0,0,0,0,0,0,0.108,0.108,0.759,0.759,-0.937,0,-1.009,0,0,0,-0.959,-0.99,0,0,0,0.157,-0.741,0,0,0,0
"MMRF_2012",0,0,0,0,-0.125,0,0,0,0.945,0.945,0.956,0.956,0,-0.175,0,0,0.897,0.897,0,0,0,0,0,0,-0.951,0,0.95,0,0,0,0,0,0,1.805,0,0.955,0.955,0,0
"MMRF_1908",0.001,0.419,0,0,0,0,0,0,0,0,0,-0.918,0,0,0,0,0,0,0,0,0,0,0,0,-0.921,-0.924,0,0,-0.854,0,0,0,0,0,0,0,0,0,-0.927
"MMRF_1916",0,0.973,0,0,0,0,0,0,0.472,0.472,0.435,0,0,0,0,0,0.478,0.478,0,0,0,0,0,0,-0.503,0,0.455,0,0,0.47,0.47,0.472,0.472,0.492,0.492,0,0,0,0
"MMRF_1931",0.81,0.81,0,0,0.802,0.802,0,0,0.864,0.864,0,0,0.185,0.185,0,0,0.839,0.839,0,0,0,0,0,0,0,0.009,0.838,0,0,0,0,0,0,0.488,0.488,0,0,0,-0.104
"MMRF_1971",0,0.777,0,0,0,0,0,0,0,0,0,0,0,0,0,0,0,0,0,0,0,0,0,0,-0.78,0,0,0,-0.758,0,0,0,0,0,0,0,0,0,-0.81
"MMRF_1978",0,0.366,0,0,0.416,0.416,0,0,0.685,0.685,0.64,0,0.679,0.679,0,0,0.666,0.666,0,0,0,0,0,0,0,0,0.642,0,0,0,0,0,0,0.549,0.549,0.037,0.598,0,0
"MMRF_2018",0,0,0,0,0.95,0.95,0,0,0.949,0.949,0,-0.814,0.949,0.949,0,0,0.949,0.949,0,0,0.96,0.96,0,0,0,0,1.924,0,0,0,0,0,0,1.88,1.88,0,0,0.95,0
"MMRF_2038",0,0,0,0,0.977,0.977,0,0,0.973,0.973,0,0,0.959,0.959,0,0,1.953,1.953,0,0,0.881,0.881,0,0,0,0,0.968,0,0,0.935,0.935,0,0.892,0.899,0.899,0,0,0.962,0
"MMRF_2035",0,0.958,0,0,0.968,0.968,0,0,0.962,0.962,0,0,0.972,0.972,-0.956,0,0.954,0.954,0,0,0,0,0,0,-0.973,0,0.95,0,0,0,0,-0.969,0,0.886,0.886,-0.958,0,0.949,0
"MMRF_2041",0,0,0,0,0,0,0,0,0,0,0,0,0,0,0,0,0,0,0,0,0,0,0,0,-0.998,0,0,-1.01,-1.01,0,0,0,0,0,0,0,0,0,0
"MMRF_2054",0,0,0,0,0.904,0.904,0,0,0.991,0.991,0,0,0,0,-0.424,0,0.961,0.961,0,0,0.941,0.941,0,0,0,0,0.959,0,0,0,0,0,0,0.863,0.863,0,0,0,0
"MMRF_2057",0,0,0,0,0,0,0,0,1.004,1.004,0,0,0.984,0.984,0,0,0.984,0.984,0,0,0,0,0,0,-1.008,0,1.991,0,0,0,0,0,0,0.964,0.964,0,0,0,0
"MMRF_2056",0,0,0,0,0,0,0,0,0,0,0,0,0,0,0,0,0,0,0,0,0,0,0,0,0,0,0,0,0,0,0,0,0,0,0,0,0,0,0
"MMRF_2062",0,0,0,0,0,0.983,0,0,0,0,0,0,0.954,0.954,-0.981,-0.981,0,0,0,0,0,0,0,0,-0.988,-0.979,0,0,0,0,0,0,0.794,0,0,-0.9,0,0,0
"MMRF_2072",0,0,0,0,0,0,-0.65,-0.65,0,0,0,0,0,0,-1.066,-1.066,0.609,0.609,0,0,0,0,-1.113,-0.657,-1.293,-0.631,0.759,-0.636,-0.636,-0.62,-0.62,0,0,0.549,0.549,-0.861,-0.602,-0.468,-0.599
"MMRF_2081",-0.994,0.95,0,0,-0.931,0.913,-0.993,-0.993,0,0,0,0,0,0,0,0,0,0,0,0,0,0,0,0,-0.995,0,0,0,-0.995,0,0,0,0,0,0,0,0,0,-1.009
"MMRF_2093",0,0.943,0,0,0,0,0,0,0,0,0,0,0,0,0,0,0,0,0,0,0,0,-0.581,-0.581,-0.994,0,0,0,0,0,0,0,0,0,0,0,0,0,-0.116
"MMRF_2002",-0.617,0,-0.612,-0.612,0,0,0,0,0,0,0,0,0.657,0.657,-0.633,-0.633,-0.585,0,-0.62,-0.62,0,0,-0.626,-0.626,-0.633,-1.244,0,-0.625,-0.625,0,0,0,0,0.621,0,-0.615,-0.615,0,-1.221
"MMRF_2047",0,0.874,0,0,0.871,0.871,0,0,0,0,0,0,0.861,0.861,0,0,0.871,0.871,0,0,0,0,0,0,0,0,0.883,0,0,0,0,0,0,1.758,1.758,0,0,0,0
"MMRF_2061",0,0,0,0,0.855,0.855,0,0,0.873,0.873,0,0,0.861,0.861,-0.787,0,0.837,0.837,0,0,0,0,0,0,-0.762,0,0.872,0,0,0.74,0.74,0,0,0.817,0.817,-0.392,0,0.859,0
"MMRF_2074",-0.133,0.612,-0.153,-0.153,0.733,0.733,0,0,0.701,0.701,0.165,-0.34,0.734,0.734,-1.051,-0.193,0.761,0.761,-0.141,-0.141,0.764,0.764,-0.163,-0.163,-1.068,-0.157,1.701,-0.14,-0.14,-0.112,-0.112,0.713,0.713,0.83,0.83,0,0,1.63,0
"MMRF_1169",-0.482,0,0,0,0.646,0.646,0,0,0.56,0.132,0,0,0.662,0.662,-0.66,-0.66,0,0,0,0,0,0,0,0,-0.692,0,1.198,-0.641,-0.641,-0.569,0,0,0,0.509,0.509,0,0,0,-0.69
"MMRF_1997",0,0,0,0,0.801,0.801,0,0,0.802,0.802,0,0,0.789,0.789,0,0,0.773,0.773,0,0,0.773,0.773,0,0,-0.582,0,0.779,0,0,0,0,0,0,0.696,0.696,0,0,0,0
"MMRF_2043",0,0,0,0,0.251,0.251,0.89,0.89,0.882,0.882,0,0,0.876,0.876,0,0,0.869,0.869,0,0,0.873,0.873,0,0,-0.878,0,1.752,0,0,0,0,0,0,0.801,0.801,0,0,0,0
"MMRF_2083",0,0,0,0,0,0,0,0,0,0,0,0,0,0,0,0,0,0,0,0,0,0,0,0,0,0,0,0,-0.179,-0.954,-0.954,0,0,0,0,0,0,0,0
"MMRF_2091",0,0,0,0,0,0,0,0,0,0,0,0,0,0,-1.011,0,0,0,0,0,0,0,-0.166,-0.166,-0.929,0,0,-1.012,-1.012,-0.86,-0.212,0,0,-0.164,-0.164,-0.156,-0.156,0,0
"MMRF_2098",0,0,0,0,0,0.971,0,0,0.982,0.982,0,0,0.963,0.963,0,0,1.952,1.952,0,0,0.983,0.983,-0.969,0,0,0,1.953,0,0,0,0,0,0,0.93,0.93,0,0,0,0
"MMRF_2115",-0.889,0,0,0,0,0,0,0,0.92,0,0,0,0,0,-0.956,0,0.954,0.954,0,0,0.937,0.937,-0.279,0,-0.952,0,0,-0.966,-0.966,0,0,0,0,1.705,0.874,-0.889,0,0,0
"MMRF_2116",0,0,0,0,0.964,0.964,0,0,0.963,0.963,0,0,0.949,0.949,0,0,0.951,0.951,0,0,0.963,0.963,0,0,0,0,0.945,0,0,0,0,0,0,1.797,1.797,0,0,0.924,0
"MMRF_2118",0,0,0,0,0,0,0,0,0,0,0,0,0,0,0,0,0,0,0,0,0,0,-0.986,-0.986,-0.984,-0.987,0,0,0,0,0,0,0,0,0,0,0,0,0
"MMRF_2126",0,0,0.974,0.974,0.935,0.935,0,0,0.965,0.965,0,0,0,0,-0.964,0,0.954,0.954,0,0,1.003,1.003,0,0,0,0,1.902,0,0,0,0,0,0,0.876,0.876,0,0,1.095,0
"MMRF_2150",0.837,0.837,0,0,0,0.8,-0.116,-0.116,0.683,0.493,0.703,-0.107,0.808,0.808,-0.118,-0.118,0.833,0.833,0.775,0.775,0.834,0.834,-0.104,-0.104,-0.207,0,1.733,-0.137,-0.137,-0.15,-0.15,0.84,0.84,0.803,0.803,-0.116,-0.116,-0.113,-0.142
"MMRF_2026",0,0,0,0,0.987,0.987,0,0,0,0,0,0,0.93,0.93,0,0,0,0,0,0,0,0.95,0,0,0,0,0,-1.027,-1.027,0,0,0,0,0.801,0.801,0,0,0,-0.113
"MMRF_2055",0.018,0.994,0,0,0.985,0.985,0,0,1.128,1.128,0,0,0.948,0.948,0,0,1.111,1.111,0,0,0,0,0,0,-0.983,0,0.961,0,0,0,0,0,0,0.843,0.843,0,0,0,0
"MMRF_2059",0,0.907,0,0,0,0,0,0,0,0,0,0,0,0,-0.952,0,0,0,0,0,0,0,0,0,0,0,0,0,-0.932,0,0,0,0,0,0,0,0,0,0
"MMRF_2080",0,0,0,0,0.835,0.835,0,0,0.838,0.838,0,0,0.842,0.842,0,0,0.976,0.976,0,0,0,0.858,0,0,0,0,0.867,0,0,0.885,0.885,0,0,1.639,0.88,0,0,0,0
"MMRF_2079",0,0,0,0,0.949,0.949,0,0,0.956,0.956,0,0,0.84,0.84,0,0,1.863,1.863,0,0,0.929,0.929,0,0,0,0,1.839,0,0,0.826,0.826,0,0,0.745,0.745,0,0,0.912,-0.13
"MMRF_2076",0,0,0,0,0.954,0.954,0,0.966,0.952,0.952,0,0,0.939,0.939,0,0,0.925,0.925,0.93,0.93,0.937,0.937,0,0,-0.995,0,0.937,0,0,0,0,0.937,0.937,0.845,0.845,0,0,0.935,0
"MMRF_2082",0,0,0,0,1.003,1.003,0,0,1.983,1.983,0.933,0.933,0.969,0.969,0,0,0.965,0.965,0,0,0,0,0,0,0,0,1.91,0,-0.969,0,0,0,0,0.835,0.835,0,0,0,0
"MMRF_2087",-0.963,0,0,0,0.9,0.9,0,0,0.976,0.976,0,0,0.9,0.9,0,0,1.778,1.778,0,0,0.935,0.935,0,0,0,0,1.974,0,0,0,0,0.882,0.882,1.096,1.096,0,0.109,0,0.142
"MMRF_2106",0,1.403,0,0,0,0,0,0,0.721,0.721,0,0,0,0,0,0,0.153,0.153,0,0,0,0,0.738,0.738,-0.943,0,0,0,0,0,0,0,0,0,0,0,0,0,0.101
"MMRF_2107",-0.614,-0.614,0,0,0,0,-0.601,-0.601,0.752,0.752,0,0,0.696,0.696,-1.239,-0.606,0.648,0.648,-0.622,-0.622,0,0,-0.609,-0.609,-0.588,-0.622,1.481,-0.646,-0.646,0,0,-1.287,-1.287,0.601,0.601,-0.639,-0.639,0.137,-0.661
"MMRF_2111",0,0,0,0,0,0,0,0,0.977,0.977,0.928,0.928,0.939,0.939,-0.902,0,0.939,0.939,0,0,0,0,0,0,0,0,1.914,0,0,0,0,0,0,0.724,0.724,0,0,0.955,0
"MMRF_2122",0,0,0,0,0,0,0,0,0,0,0,0,0,0,0,0,0,0,0,0,0,0,0,0,-0.96,0,0,0,0,0,0,0,0,0,0,0,0,0,-0.992
"MMRF_2119",0.953,0.953,0,0,0,0,0,0,0.975,0.975,0,0,0.929,0.929,0,0,1.799,1.799,0,0,0,0,0,0,-0.966,0,0.987,0,0,0,0,0,0,0.825,0.825,0,0,0,0
"MMRF_2125",0,0.954,0,0,0,0,0,0,0,0,0,0,0,0,0,0,0,0,0,0,0,0,0,0,0,0,0,0,0,0,0,0,0,0,0,0,0,0,0.107
"MMRF_2141",0,0,0,0,0,0,0,0,0.723,0.723,0,0,0,0,0,0,0.702,0.702,0,0,0.703,0.703,0,0,0,0,0,0,0,0,0,0,0,0.637,0.637,0,0,0.537,-0.117
"MMRF_2151",0,0,0,0,0.911,0.911,0,0,0,0,0.475,-1,0,0,-0.931,-0.931,0.915,0.915,0,0,0.951,0.951,0,0,-1,-0.925,1.066,0,0,0,0,0,0,0,0,0,0,0,0
"MMRF_2153",0,0,0,0,0,0,0,0,0,0,0,0,0,0,0,0,0,0,0,0,0,0,0,0,0,0,0,0,0,0,0,0,0,0,0,-0.135,-0.135,0,0
"MMRF_1073",0,0,0,0,0.993,0.993,0,0.306,0.994,0.994,0,0,0.977,0.977,0,0,1.884,1.884,0,0,0.985,0.985,0,0,0,0,2.96,0,0,0,0,-0.999,-0.999,0.896,0.896,0,0,1.254,0
"MMRF_2113",0,0.915,0,0,0,0,0,0,0,0,0,0,0,0,0,0,0.96,0.96,0,0,0,0,0,0,-0.985,-0.964,0,0,0,0,0,0,0,0,0,0,0,-0.975,0
"MMRF_2143",0,0,0,0,0.457,0.457,-0.399,0,0.441,0.441,0,0,0,0,0,0,0.413,0.413,0,0,0.857,0.857,0,0,0,0,0.419,0,0,0,0,0,0,0.315,0.315,0,0,0,-0.107
"MMRF_2149",0,0,0,0,0,0,1.014,1.014,0.999,0.999,0,-0.99,0.977,0.977,0,0,1.939,1.939,0,0,0.973,0.973,0,0,0,0,1.94,0,0,0,0,0,0,0.844,0.844,0,0,0.981,0
"MMRF_2097",0,0.147,0,0,0,0,0,0,0,0,0,0,0,0,0,0,0,0,0,0,0,0,0,0,-0.993,-0.981,0,0,0,0,0,0,0,0,0,-0.994,0,0,0
"MMRF_2140",0,0.933,0,0,0,0,0,0,0,0,0,0,0,0,0,0,0,0,0,0,0,0,0,0,0,0,0,0,-0.955,0,0,0,0,0,0,0,0,0,0
"MMRF_1755",0,0,0,0,0,0.773,0.782,0.782,0,0,0,-0.746,0.76,0.76,-0.781,0,0.48,0.228,0,0,0.801,1.175,0,0,-0.335,0,0,0,-0.802,-0.791,0,0.769,0.769,0,0,-0.788,0,0,0
"MMRF_2216",0,0,0,0,0,0,0,0,0.98,0.98,0,0,0,0,0,0,0.989,0.989,0,0,0.957,0.957,0,0,0.948,0,0.958,0,0,0,0,0,0,1.794,1.794,0,0,0,0
"MMRF_2180",0,0,0,0,0,0,0,0,0.899,0.899,0,0,0,0,0,0,1.673,1.673,0,0,0.863,1.488,0,0,0,0,0.932,-0.15,-0.9,0,0,0,0,1.291,1.291,0,0,0.894,0
"MMRF_2213",-0.13,0.61,-0.139,-0.139,0.759,0.759,0.392,0.57,0.705,0.705,1.503,-0.109,0.708,0.708,-0.193,-0.193,0.794,0.794,-0.167,0.619,-0.112,-0.112,-0.146,-0.146,-1.083,-1.032,0.785,-0.106,-0.106,0,0,0.691,0.691,1.017,0.911,0,0,-0.185,0
"MMRF_2017",0,0,0,0,0,0,0,0,0,0,0,0,0,0,0,0,0,0,0,0,0,0,0,0,0,0,0,0,0,0,0,0,0,0,0,0,0,0,0
"MMRF_2016",0,0,0,0,0.727,0.727,0.687,0.687,0.727,0.727,0.061,-0.486,0.732,0.732,0,0,0.745,0.745,0,0,0.764,0.764,0,0,0,0,1.536,0.022,-0.512,0,0,0,0,0.771,0.771,0,0,0,0
"MMRF_2013",0,0,0,0,0,0,0,0,0.479,0.479,0.461,0.461,0,0,-0.157,-0.157,0.451,0.451,0,0,0,0,-0.418,-0.418,-0.459,-0.338,0.457,-0.191,-0.191,-0.34,-0.34,0,0,0.398,0.398,-0.239,-0.239,0,-0.493
"MMRF_2039",0.863,0.863,0,0,0,0.854,0,0,0.836,0.836,0,-0.884,0.87,0,-0.872,0,0.838,0.838,0,0,0,0,0,0,-0.85,0,0.852,0,-0.916,0,0,0,0,0.757,0.74,0,0,0,0
"MMRF_2050",0,0.778,0,0,0.797,0.797,0,0,0.788,0.788,0,-0.791,0.788,0.788,-0.651,0,0.874,0.874,0,0,0,0,0,0,0,0,1.589,0,0,0,0,0,0,0.858,0.858,0,0,0.775,0
"MMRF_2068",0,0.557,0,0,0.611,0.611,0,0,1.881,0.565,0.47,0,0.592,0.592,0,0.614,0.569,0.569,0,0,0,0,0,0,0,0,0.585,0,0,0.511,0.511,0.601,0.601,0.426,0.426,0,0,0,-0.127
"MMRF_2089",0,0,-0.523,-0.523,0,0,-0.543,-0.543,0.536,0,0,-0.533,0,0.538,0,0,0.477,0,0,0,0,0,-0.516,-0.516,-1.103,-0.542,1.119,-0.581,-0.581,-0.562,-0.562,0,0,0.899,0.899,-0.502,-0.502,0,-0.544
"MMRF_2102",0,0,0,0,0,0,0,0,0,0,0,0,0,0,0,0,0,0,0,0,0,0,0,0,0,0,0,0,0,0,0,0,0,0,0,0,0,0,0
"MMRF_2170",0.224,1.218,0,0,0,0,-0.978,-0.978,0,0,0,0,0,0,0,0,0,0,0,0,0,0,0,0,-0.989,-0.993,0,-0.931,-0.931,0,0,0,0,0,0,0,0,0,-1.022
"MMRF_2172",0,0.86,0,0,0,0,0,0,0,0,0,-0.94,0,0,0,0,0,0,0,0,0,0,-0.925,0,-0.983,0,0,-0.119,-0.119,0,0,0,0,0,0,0,0,0,0
"MMRF_2173",-0.204,0,0,0,0,0,0,0,0,0,1.296,0,0,0,0,0,0,0,0,0,0,0,0,0,0,0,0,0,0,0,0,0,0,0.653,0.653,0,0,0,0
"MMRF_2176",0,0,0,0,0,0,0,0,0,0,0,0,0,0,-0.829,-0.829,0.123,0.123,0,0,0,0,0,0,-0.992,0,0,0.111,0.111,0,0,-0.246,-0.246,0,0,0,0,0,0
"MMRF_2174",0.936,0.936,0,0,0.96,0.96,0.929,0.929,0,0,0,0,0,0,-0.963,0,0.95,0.95,0,0,0.963,0.963,0,0,0,0,0,0,-0.942,0,0,0,0,0,0,0,0,0,0
"MMRF_2201",0,0,0,0,0,0,0,0,0,0,0,0,0,0,0,0,0,0,0,0,0,0.629,0,0,0,0.618,0,0,0,0,0,0.639,0.639,-0.133,-0.133,0,0,0,-0.113
"MMRF_2203",0,0,0,0,0.83,0.83,0,0,0,0,0,0,0,0,0,0,0,0,0,0,0,0,0,0,-1.004,-0.992,0.651,0,0,0,0,0,0,0,0,0,0,0,-1
"MMRF_2214",0,0,0,0,0.987,0.987,0,0,0.99,0.99,0,0,0,0,-0.571,0.425,0.965,0.965,0,0,1.001,1.001,0,0,0,0,2.006,0,0,0,0,0,0,0.963,0.963,0.918,0.918,0,0
"MMRF_2195",0,0,0,0,0,0,0,0,0.809,0.809,0,0,0.796,0.796,0,0,0.827,0.827,0,0,0.785,0.785,-0.551,0,-0.798,0,0.759,-0.862,-0.862,-0.132,-0.132,0,0,0.608,0.608,0,0,0.81,-0.902
"MMRF_2194",0,0,0,0,0.011,0.861,0,0,0,0,0,0,0,0,-0.848,0,0,0,0,0,0,0,0,0,0,-0.819,0,0.66,-0.858,-0.87,0,0,0,0,0,-0.545,0.029,0,-0.166
"MMRF_2197",0,0,0,0,0.717,0.717,0,0,0.522,0.26,0,0,0,0,-0.738,0,0.718,0.718,0,0,0.76,0.76,0,0,-0.205,0,2.219,0,0,0,0,0,0,0.693,0,0,0,0.767,0
"MMRF_2200",-0.813,0,0,0,0,0,-0.709,-0.709,0,0,0,0,0,0,0,0,0,0.763,-0.688,-0.688,0,0,0,0,0,0,0,0,-0.755,0,0,0,0,0.53,-0.115,0,0,0,0
"MMRF_2199",0,0,-0.103,-0.103,0.708,0.708,0.732,0.732,-0.104,-0.104,-0.109,-0.109,0.774,0.774,0.779,0.779,0.718,0.718,0,0,0.921,0.921,-0.104,-0.104,0.17,0,0.837,-0.105,-0.105,0.793,0.793,0.786,0.786,0.81,0.81,0,0,0,0
"MMRF_2204",0,0.839,0,0,0,0,0,0,0.746,0.746,0,0,0.692,0.692,-0.817,0.066,0.825,0.825,0,0,0,0,0,0,-0.459,0,0,0,0,0,0,0,0,0.761,0,-0.73,-0.73,0.364,-0.756
"MMRF_2183",0,0,0,0,0.9,0.9,0,0,0.898,0.898,0.893,0.893,0.87,0.87,0,0,1.335,1.335,0,0,0.927,0.927,0,0,0,0,0.896,0,0,0.263,0.6,0,0,0.934,0.934,0,0,0.907,0
"MMRF_2187",0,0.728,0,0,0.9,0.9,0,0,0.903,0.903,0,0,0.878,0.878,0,0,0.882,0.882,0,0,0.9,0.9,0,0,0,0,1.763,0.711,0,0,0,0,0,1.578,0.8,0,0,1.711,0
"MMRF_2211",-0.919,0,0,0,0,0,-0.752,-0.752,0,0,0,0,0,0.728,-0.913,-0.913,0,0,0,-0.553,0,0,0,0,-1.023,-0.96,0,0,-0.958,0,0.105,0,0,1.11,0,0,0,0,0.152
"MMRF_2217",0,0,0,0,0.98,0.98,0,0,0.962,0.962,0,0,0,0,-0.986,0,1.99,0.962,0,0,0.205,0.205,0,0,-0.473,-0.991,0.977,0,0,0.178,0.178,0,0,0.915,0.915,0,0,0,0
"MMRF_2220",0,0,0,0,0,0,0,0,0,0,0,0,0,0,0,0,0,0,0,0,0,0,0,0,-0.925,-0.978,0,0,0,-0.979,0,0,0,0,0,0,0,0,0
"MMRF_2230",0,0,0,0,0,0,0,0,0,0,0,0,0,0,0,0,0,0,0,0,0,0,-0.443,0,0,0,0,0,0,0,0,0,0,0,0,0,0,0,0
"MMRF_2231",0,2.627,0,0,0.91,0.91,0,0,0,0,0,0,0,0,0.901,0.901,0,0,0,0,0,0,0,0,-0.908,0,0,0,-0.899,0,0,0,0,0,0,0,0,0,0
"MMRF_2232",0,0.869,0,0,0,0,0,0,0.978,0.978,0,0,0.609,0.609,-0.287,0,0.923,0.923,0,0,0,0,0,0,0,0,0.89,-0.143,-0.143,0,0,0,0,0.71,0.71,0,-0.983,0,0
"MMRF_2250",0,0,0,0,0,0,0,0,0,0,0,0,0,0,0,0,0.374,-0.269,0,0,0,0,-0.998,0,-0.998,-0.682,0,0,0,0,0,0,0,0,0,0,0,0,-1
"MMRF_2253",2.087,2.087,0,0,0,0,0,0,0,0,0,0,0,0,-0.405,0.413,0.965,0.965,0,0,0,0,0,0,-0.995,-0.126,1.003,0,0,0,0,0,0,0,0,0,0,0,0
"MMRF_2266",-0.323,0,0,0,0.955,0.955,1.055,1.055,1.021,1.021,1.861,-0.366,0.938,0.938,-1.015,0,0.942,0.942,0,0,0,0,0,0,-0.994,0,1.272,0,0,-0.141,-0.141,0,0,0.684,0.684,-0.118,-0.118,0,-0.129
"MMRF_2168",0,0,0,0,0.947,0.947,0,0,0,0,0,0,0,0,0,0,0.939,0.939,0,0,0.942,0.942,0,0,0,0,0,0,0,0,0,0,0,0,0,0,0,0.957,0
"MMRF_2228",-0.54,-0.54,0,0,0,0,-0.545,-0.545,0,0,-0.532,-0.532,0,0,-0.538,-0.538,0,0,-0.548,-0.548,0.567,0.567,-0.544,-0.544,0,-0.535,0.566,-0.563,-0.563,-0.556,-0.556,0,0,0.491,0.491,0,0,0.526,0
"MMRF_2240",0,1.001,0,0,0,0,0,0,0,0,0,0,0,0,0,0,0,0,0,0,0,0,0,0,0,0,0,-0.102,-0.102,0,0,0,0,-0.133,-0.133,0,0,0,-0.133
"MMRF_2251",0,0,0,0,0,0,0,0,0,0,0,0.872,0,0,0.802,0.802,0,0,0,0,0,1.343,0,0,0,0,0,0,0,-0.912,0,0,0,0.901,0,0,0,0.757,0
"MMRF_2258",0,0,0,0,0.836,0.836,0,0,0.851,0.851,0,0,0,0,0,0,0.905,0.905,0,0,0.958,0.958,0,0,0,0,1.765,0.887,0.887,0,0,0,0,1.725,1.725,0,0,0,0
"MMRF_2267",0,0,0,0,0,0,0,0,0,0,0,0,0,0,0,0,0.966,0.966,0,0,0,0,0,0,0,0,0.857,0,0,0,0,0,0,1.744,0,0,0,0,0
"MMRF_2238",0.999,0.999,0,0,0,0,0,0,0,0,0,0,0,0,-0.95,0,0.984,0.984,0,0,0.956,0,0,0,-0.997,0,0.996,0,0,-0.965,0,-0.909,0,0.936,0,0,0,0.948,0
"MMRF_2236",0,0,0,0,0.148,0.867,0,0,1.778,1.026,0.884,0.884,0.888,0.888,0,0,0.922,0.922,0,0,0,0,0,0,0,0,0.878,-0.104,-0.104,0.779,0.779,0,0,0.697,0.697,0,0,0,-0.14
"MMRF_2271",0,1.183,0,0,0,0,0,0,0,0,0,0,0,0,-0.326,0,0,0,0,0,0,0,0,0,-0.925,-0.912,0,0,-0.864,0,0,0,0,0,0,0,0,0,0
"MMRF_2272",0.337,0.337,0,0,0,0,0,0,0,0,0,0,0.851,0.851,-0.045,0.316,0,0,0,0,0.315,0.315,0,0,0,0,1.638,0,0,-0.981,-0.981,0,0,1.487,1.487,0,0,0,0
"MMRF_2279",0,0,0,0,0,0,0,0,0.992,0.992,0.895,-0.949,0.356,0.356,-0.035,0.949,0.895,0.895,0,0,1.508,1.508,0,0,0,0,1.811,-0.116,-0.116,-0.129,-0.129,0,0,1.592,1.592,0,0,0,-0.151
"MMRF_2329",0,0,0,0,0,0.855,0,0,0.934,0.934,0.924,0.924,0.9,0.9,0,0,0.905,0.905,0,0,0.899,0.899,0,0,0,0,0.898,0,0,0,0,-0.876,0,0.824,0.824,0,0,0.912,0
"MMRF_2269",0,0,0,0,0,0,0,0,0,0,0,-0.979,0,0,-1.005,0,0,0,0,0,0,0,0,-1,0,0,0,1.1,0,0,0,0,0,0,0,-1.006,-1.006,0,0
"MMRF_2291",0,0,0,0,0,0,0,0,0.786,0.786,0,0,0,0,-0.546,0,0,0.582,0,0,0.773,0.773,0,0,0,0,1.547,0,0,0,0,0,0,1.36,1.36,0,0,0,0
"MMRF_2290",0,2.025,0,0,0.983,0.983,0,0,0.978,0.978,0.598,0.598,0.975,0.975,-0.355,0,0.978,0.978,0,0,0,0,0,0,-0.999,0,1,0,-0.987,0.978,0.978,0.573,0.573,0.948,0.948,0,0,0,-0.993
"MMRF_2306",0,0,0,0,0,0,0.989,0.989,0,0,0,0,0.973,0.973,0,0,0.931,0.931,0,0,0,0.822,0,0,0,0,0,0,-0.913,0,0,0,0,0.87,0.87,0,0,0,0
"MMRF_2310",0,0,0,0,0,0,0,0,0,0,0,0,0,0,0,0,0,0.695,0,0,0,0,-0.99,0,-0.98,-0.985,0,0,-0.437,-0.949,0,0,0,0,0,0,0,0,0
"MMRF_2316",0,0,0,0,0,0,0,0,0,0,0,0,0,0,0,0,0,0,0,0,0,0.892,0,0,-0.803,0,0,0,0,0,0,0,0,0,0,0,0,0,0
"MMRF_2215",0,0,0,0,0.96,0.96,0,0,3.657,3.657,0,0,0,0,0,0,0.897,0.897,0,0.333,3.657,3.657,0,0,0,0,0,0,0,0,0,0,0,0.854,0.854,0,0,0,0
"MMRF_2297",0,0,0,0,0,0,0,0,0,0,0.158,0.158,0,0,0,0,0.18,0.18,0,0,0,0,0,0,-0.78,0,0,0,0,0,0,-0.802,-0.802,0.818,0.818,0,0,0,-0.943
"MMRF_2302",0.762,0.896,0,0,0.928,0.928,0,0,0.935,0.935,0.86,0,0.901,0.901,0,0,0.951,0.951,0,0,0.907,0.907,0,0,0,0,1.792,-0.127,-0.127,0.592,-0.115,0.927,0.927,0.831,0.831,-1.015,-0.145,0,-0.19
"MMRF_2325",0,0.207,0,0,0,0,0,0,0,0,0,0,0,0,0,0,0.213,0.213,0,0,0,0,0,0,0,0,0,0,-0.183,0,0,0,0,0,0,0,0,0.428,0
"MMRF_2286",0.867,0.867,0,0,0,0.145,0,0,0,0,0.343,0.343,0,0,0,0,0.975,0.975,0,0,0,0,-0.166,0,0,0,0.852,0,0,0,0,0,0,0,0,0,0,0,0
"MMRF_2301",-0.842,0,0,0,0,0,-0.12,-0.12,1.028,1.028,0,0,0,0,0,0,0.963,0.963,0,0,0.942,0.942,0,0,0,-0.87,0.848,0,0,0,0,0,0,0.783,0.783,0,0,0.976,-0.141
"MMRF_2330",0,0.43,0,0,0.875,0.875,0,0,0.813,0.953,0,0,0,0,0.941,0.941,0.963,0.815,0,0,0.784,0.784,0,0,0,0,0.808,-1.007,-1.007,3.379,3.657,0,0,0.477,0.477,-0.128,-0.229,0.914,-0.32
"MMRF_2326",-0.104,1.353,0,0,0.787,0.787,0,0,0,0,0,0,0,0,0,0,0,0,0,0,0,0,0,0,-0.977,-0.988,0,0,0,0,0,-0.104,-0.104,0,0,-0.34,0,0,0
"MMRF_2331",0,0,0,0,0,0,0,0,0,0,0,0,0,0,0,0,0,0,0,0,0,0,0,0,-0.993,0,0,0,0,0,0,0,0,0.66,0,0,0,0,-0.101
"MMRF_2352",0,0,0,0,0,0,0,0,0,0,0,-0.943,0,0,0,0,0,0,0,0,0,0.984,-0.952,-0.952,-0.945,-0.94,0,0,0,0,0,0,0,-0.127,-0.127,0,0,0,-0.101
"MMRF_2353",0,0,0,0,0.999,0.999,0,0,0.943,0.943,0,0,0.942,0.942,-0.779,0,0.97,0.97,0,0,0,0,0,0,0,0,1.871,0,0,-0.111,-0.111,0,0,0.771,0.771,0,0,0,-0.106
"MMRF_2377",-0.55,0,0,0,0,0,-0.635,-0.635,0,0,0,0,0,0,0,0,0,0,-0.664,-0.664,0,0,0,0,-0.637,-0.656,0,-0.705,-1.293,0,0,-0.646,-0.646,-0.101,-0.101,-0.683,-0.683,-0.666,-0.72
"MMRF_2380",0,0,-0.377,-0.377,-0.329,-0.329,0,0,0,0,0,0,0,0,0,0,0,0,0,0,0,0,0,0,-0.951,-0.323,0,0,0,0,0,0,0,-0.101,-0.101,-0.37,-0.37,1.017,-0.922
"MMRF_2379",0,0,0,0,0.994,0.994,0,0,0.994,0.994,0,0,0.621,0,0,0,1.959,1.959,0,0,0,0,0,0,-0.347,-0.994,0.986,0,0,-0.395,0,0,0,0.881,0.881,0,0.132,0,0
"MMRF_2409",0,0,0,0,0.921,0.921,0,0,0.961,0.961,0.917,0.917,0,0,-0.716,0,0.937,0.937,0,0,1.006,1.006,0,0,0,-0.143,0.937,0,0,-0.101,-0.101,-0.385,0,0.705,0.705,0,-0.705,0.96,-0.132
"MMRF_2339",0,0,0,0,0,0,0,0,0,0,0,0,0,0,0,0,0,0,0,0,0,0.977,0,0,0,0,0,0,0,0,0,0,0,0,0,0,0,0,0
"MMRF_2367",0,0,0,0,0.655,0.655,0,0,0.663,0.663,0.579,0,0.601,0.601,0,0,0,0.501,0,0,0,0,0,0,0,0,0.612,0,0,-0.157,-0.157,0,0,0.324,0.324,0,0,0,-0.195
"MMRF_2373",0,0,0,0,-0.978,0.987,0,0,0,0,0,0,0.971,0.971,0,0,0,0,0,0,0,0,0,-0.981,0,0,0,0,0,0,0,0,0,-0.173,-0.173,0,-1.005,0,-0.125
"MMRF_2378",0,0,0,0,0,0.794,0,0,0,0,1.1,-0.366,0.169,0.326,-0.961,0,0.882,0.882,0,0,0.882,0.882,0,0,-0.984,0,1.803,-0.14,-0.14,-0.126,-0.126,0.929,0.929,0.742,0.742,0,0,0.884,-1.001
"MMRF_2394",-0.887,0,0,0,0,0,0,0,0,0,0.911,-0.046,0,0,0,0.817,0,0,0,0,0.251,0,0,0,-0.226,0,0,0,0,0,0,0,0,-0.104,-0.104,0,0,0,0
"MMRF_2224",0,0,0,0,0,0,0,0,0,0,0,0,0,0,0,0,0,0,0,0,0,0,0,0,0,-0.864,0.74,-0.131,0,-0.177,-0.177,0,0,0.283,-0.245,0,0,0,-0.265
"MMRF_2225",0,0,0,0,0,0,0,0,0,0,0,0,0,0,0,0,0,0,0,0,0,0,0,0,-0.345,0,0,0,0,0,0,0.317,0.317,0,0,0,0,0,-0.317
"MMRF_2229",0,0,0,0,0.761,0.761,0,0,0,0,0.731,0.275,0,0,0,0,0,0,0,0,0,0,0,0,-0.751,0,0.744,0,0,0,0,0,0,0.645,0.645,0,0,0,0
"MMRF_2245",0,0.824,0,0,0.799,0.799,0,0,0.796,0.796,0.795,0,0.802,0.802,0,0,0.798,0.798,0,0,0,0,0,0,-0.817,0,0.81,0,0,0,0,0.769,0.769,0.783,0.783,0,0,0,0
"MMRF_2257",0,0,0,0,0,0,0.379,0.379,0.39,0.39,0,-0.373,0.372,0.372,0,0,0.757,0.757,0,0,0.383,0.383,0,0,0,0,0,0,0,0,0,0,0,0.299,0.299,0,0,0,0
"MMRF_2268",0,0,0,0,0,0,0,0,0,0,0,0,0,0,0,0,0,0,0,0,0,0,0,0,0,0,0.197,0,0,0,0,0,0,0,0,0,0,0,0
"MMRF_2273",0,0,0,0,0.722,0.722,0,0,0.728,0.728,0,0,0,0,0,0,0.717,0.717,0,0,0.69,0.69,0,0,0,0,1.359,0,0,0,0,0,0,1.262,1.262,0,0,0,0
"MMRF_2293",0,1.264,0,0,0,0.666,0,0,0.667,0.667,0,0,0.674,0.674,0,0,0.649,0.649,0,0.62,0,0,0,0,-0.421,0,0.656,0.599,0,0,0.63,1.332,1.332,0.585,0.585,0,0,0.649,0
"MMRF_2300",0,0.845,0,0,0,0,0,0,0,0,0,0,0,0,0,0,0,0,0,0,0,0,0,0,-0.441,0,0,0,0,0,0,0,0,-0.107,-0.107,0,0,0,0
"MMRF_2305",0.14,0.14,0,0,0,0,0,0,0,0,0,0,0,0,0,0,0,0,0,0,0,0,0,0,0,0,0,0,0,0,0,0,0,0,0,0,0,0,0
"MMRF_2307",0,0,0,0,0,0,0,0,0,0,0,0,0,0,0,0,0,0,0,0,0,0.552,0,0,-0.551,0,0,0,0,0,0,0,0,0.407,0.407,0,0,0,0
"MMRF_2313",-0.584,-0.584,0,-0.536,0.115,0.115,-0.546,-0.546,0.139,0.139,0.129,0.129,0.108,0.108,-0.593,-0.593,0.819,0.15,-0.583,-0.583,0,1.185,-1.183,-0.566,-0.548,-0.578,0,-0.645,-1.261,0,0,0.112,0.112,0,0,-0.604,-0.604,0,-0.648
"MMRF_2317",0,0,0,0,0,0,0,0,0,0,0,0,0,0,0,0,0,0,0,0,0,0,-0.31,0,-0.582,0,0,0,0,0,0,0,0,0,0,0,0,0,-0.569
"MMRF_2314",-0.837,0,0,0,0,0,0,0,1.023,1.023,0,0,0,0,0,0,0.969,0.969,0,0,0.913,0.913,0,0,0,0,0.913,-0.129,-1.012,-0.112,-0.112,0.968,0,0.698,0.698,0,0,1.852,-0.144
"MMRF_2328",0,0.781,0,0,0.713,0.713,0,0,0,0,0,0,0.7,0.7,-0.77,0,0,0,0,0,0,0,0,0,-0.835,0,0.807,0,0,0,0,0,-0.808,0.779,0.779,-0.812,0,0,-0.793
"MMRF_2335",0,0.82,0,0,0.849,0.849,0,0,0.856,0.856,0,0,0,0,0,0,0.848,0.848,0,0,1.602,1.602,0,0,0,0,1.636,0,0,0,0,0,0,0.68,0.68,0,0,0,-0.101
"MMRF_2336",-0.362,-0.285,0,0,0,0,-0.483,-0.483,0.546,0.546,0,0,0,0,0,0,0,0.512,-0.491,-0.491,0.567,0.567,-0.484,-0.484,-0.368,-0.485,0.562,-0.517,-0.517,-0.472,-0.472,0,0,0.536,0,0,0,-0.263,-0.407
"MMRF_2368",0,0,0,0,0.758,0.758,0.802,0.802,0.768,0.768,0,0,0,0,0,0,0.737,0.737,0.732,0.732,0.801,1.556,0,0,0,0.748,0.732,0.549,0.549,0.66,0.66,0,0,0.621,0.621,0,0,0,0
"MMRF_2399",0,0,0,0,0,0,0,0,0,0,0,0,0,0,0,0,0,0,0,0,0,0,0,0,0,0,0,0,-0.347,0,0,0,0,0,0,0,0,0,-0.245
"MMRF_2404",-0.824,0.907,0,0,0.932,0.932,-0.949,-0.949,0.477,0,0,0,0.919,0.919,-0.148,0,0.948,0.948,0,0,0,0,0.491,0,-0.933,0,0.981,0,0,0,0,0,0,0.954,0,0,0,0.917,0
"MMRF_2407",0,0,0,0,0.952,0.952,0,0,0.964,0.964,-0.913,-0.913,0,0,0,0,1.942,1.835,0,0,1.023,1.023,0,0,0,-0.92,0.944,0,0,0,0,0,0,0.792,0.792,0,0,0,-0.106
"MMRF_2412",0,0.992,0,0,0,0,0,0,1.991,1.991,0,0,0.979,0.979,0,0,0.978,0.978,0,0,0,0,0,0,-0.989,0,1.004,0,-0.805,0,0,0,0,0.835,0.835,0,0,0,0
"MMRF_2365",0,0.738,0,0,0,0,0,0,0,0,0,0,0,0,0,0,0,0,0,0,0,0,0,0,0,0,0,0,0,0,0,0,0,-0.156,-0.156,-0.558,-0.113,0,-0.143
"MMRF_2265",0,0.385,0,0,0,0,0,0,0,0,0,0,0.181,0.181,0,0,1.067,1.067,0,0,0,0,0,0,0,-0.846,0.863,0,0,0,0,0,0,0.718,0.718,0,-0.461,0,0
"MMRF_2364",-0.533,-0.533,0,0,0,0,-0.532,0,0,0,0,-0.513,0,0,-0.526,-0.526,0,0,-0.533,-0.533,0.559,0.559,-0.529,-0.529,-0.523,-0.518,0.559,-0.558,-0.558,-0.555,-0.555,-0.522,-0.522,0.484,0.484,0,0,0,-0.557
"MMRF_2400",0,0,0,0,0.987,0.987,0,0,0.953,0.953,0,0,0,0,0,0,1.459,1.459,0,0,0.981,0.981,0,0,0,0,1.977,0,-0.925,0,0,0,0,0.894,0.894,0,0,0,0
"MMRF_2419",0,0,0,0,0.976,0.976,0,0,1.18,1.18,0,0,0.953,0.953,-0.914,0,1.903,1.903,0,0,0.959,0.959,0,0,0,0,0.943,0,0,0.83,0.83,0,0,0.839,0.839,0,0,0,0
"MMRF_2440",0,0,0,0,0,0,0,0,0.976,0.976,0.843,0.843,0,0,0,0,1.145,1.145,0,0,0.976,0.976,0,0,-0.983,0,1.948,0,-0.781,0,0,0,0,0.857,0.857,0,0,1.778,-0.853
"MMRF_2453",0,0,0,0,0,0,0,0,0.833,0.833,0,0,0.828,0.828,-0.846,0,0.837,0.837,0,0,0.85,0.85,0,0,0,0,0.85,0,-0.84,0,0,0,0,0.818,0.818,-0.84,0,0.816,0
"MMRF_2455",0.947,0.947,0,0,0.967,0.967,0,0,0,0,0,0,0.957,0.957,-0.936,0.622,0.955,0.955,0,0,0,0,0,0,-0.982,0,0,0,-0.94,0,0,0.937,0.937,0,0,0,0,0,0
"MMRF_2459",0.948,0.948,0,0,0,0,0,0,0,0,0,0,0,0,0,-0.936,0,0,0,0,0,0,0,0,-0.908,0,0,0,-0.888,0,0,0,0,-0.138,-0.138,0,0,0,-0.123
"MMRF_2422",0,0.901,0.914,0.914,0.987,0.987,0,0,0.977,0.977,0.917,0.917,-0.972,0,0,0,1.043,0.941,0,0,0,0,0,0,0,0,0.929,0,0,0,0,0,0,0.781,0.781,0,0,0.993,-0.284
"MMRF_2429",-0.947,0,0,0,0.983,0.983,0,0,0.991,0.991,0,-0.977,0.982,0.982,-0.993,0,0.961,0.961,0,0,0,0,0,0,0,0,1.97,0,0,0,0,0,0,0.921,0.921,-0.941,0,0.977,0
"MMRF_2433",0,0,0,0,0,0,0,0,0,0,0,0,0,0,0,0,0,0,0,0,0,0,0,0,0,0,0,0,0,0,0,0,0,0,0,0,0,0,0
"MMRF_2458",0,0,0,0,0,0,0,0,0,0,0,0,0,0,0,0,0,0,0,0,0,0,0,0,0,0,0,0,0,0,0,1.008,1.008,-0.134,-0.134,0,0,0,-0.108
"MMRF_2413",0,0.715,0,0,0.763,0.763,0,0,0.747,0.747,0.736,0.736,0.731,0.731,0,0,0.735,0.735,0.704,0.704,0,0,0,0,0,0,0.683,0,0,-0.7,-0.159,0.743,0.743,1.141,0.567,0,0,0,-0.169
"MMRF_2444",0,0,0,0,0,0,-0.766,0,0,0,0,0,0,0,0,0,0,0,0,0,0,0,0,0,-0.756,-0.612,0,0,0,0,0,0,0,-0.103,-0.103,0,0,0,0
"MMRF_2384",0,0.571,0,0,0,0,0,0,0,0,0,0,0.405,0,-0.453,0,0,0,0,0,0,0,0,0,-0.622,0,0,0,-0.458,0,0,0,0,-0.114,-0.114,0,0,0,-0.131
"MMRF_2452",0,0,0,0,0,0,0,0,0,0,0,0,0,0,0,0,0,0,0,0,0,0.812,0,0,0,0,0,0,0,0,0,0,0,-0.134,-0.134,0,0,0,0
"MMRF_2469",0,0,0,0,0,0,0,0,0,0,0,0,0,0,0,0,0,0,0,0,0.816,0.933,0,0,0,0,0,0,0,0,0,0,0,-0.146,-0.146,0,0,0,-0.148
"MMRF_2464",0,0,0,0,0.921,0.921,0,0,1.087,1.087,0,0,0.981,0.981,-0.739,0,1.941,1.941,0,0,0.921,0.921,0,0,0,0.788,1.908,-0.129,-0.129,-0.148,-0.148,-0.745,0,0.709,0.709,0,0,0,-0.179
"MMRF_2476",0,0,0,0,0,0,0,0,0,0,0,0,0,0,0,0,0,0,0,0,0,0,0,0,-0.997,0,0,0,0,-0.106,-0.106,0,0,-0.149,-0.149,0,0,0,-0.122
"MMRF_2478",0,0,0,0,0,0,0,0,0,0,0,0,0,0,0,0,0,0,0,0,0,0.927,0,0,0,0,0,0,0,0,0,0,0,0,0,0,0,0,0
"MMRF_2436",0,0,0,0,0,0,0,0,0,0,0,0,0,0.102,-0.894,0,0,0,0,0,0,0,-0.468,0,-0.957,-0.939,0.984,-0.914,-0.914,-0.112,-0.112,0,-0.468,0,0,-0.889,-0.108,0,-1.008
"MMRF_2437",-0.307,0,0,0,0,0,-0.288,0,0,0,0,-0.59,0,0,0,0,0,0,0,0,0,0,0,0,-0.942,-0.146,0,0,0,-0.109,0,0,0,0,0,-0.794,0,0,-0.914
"MMRF_2438",-0.309,0.158,-0.23,-0.23,0.407,0.407,-0.285,-0.285,0.529,0.423,0.455,0.102,1.269,1.269,-0.946,-0.726,0.469,0.469,0.551,0.551,-0.152,0,-0.36,-0.36,-1.103,-0.337,1.049,-0.407,-0.407,-0.379,-0.379,0.467,0.467,0.349,0.349,-0.466,-0.466,0.137,-0.405
"MMRF_2445",-0.564,0,0,0,0,0,-0.551,-0.551,0,0,0,-0.559,0,0.629,-0.531,-0.531,0.848,0.848,-0.577,-0.252,0.135,0.614,-0.577,-0.577,-0.559,-0.573,0,-1.233,-1.233,0,0,-0.585,-0.585,0.549,0.549,0,0,-0.551,-0.635
"MMRF_2449",0,0,0,0,0.938,0.938,0,0,0,0,0,0,0,0,0,0,0,0,0,0,0,0,-0.387,0,-0.969,-0.962,0,0,0,0,0,-0.134,-0.134,0,0,0,0,0,-0.157
"MMRF_2456",0,0.788,0,0,0,0,0,0,0,0,0,0,0,0,0,0,0,0,0,0,0,0,0,0,-0.772,0,0,0,-0.725,0,0,0,0,-0.133,-0.133,0,0,0,-0.189
"MMRF_2457",0,0,0,0,0,0,0,0,0,0,0,0,0,1.004,0,0,0,0,0,0,0,0,0,0,0,0,0,-0.104,-0.423,0,0,0,0,0.14,-0.104,-0.934,0,0,-0.11
"MMRF_2461",0,0,0,0,0.847,0.847,0,0,0,0,0.776,0,0.473,0.473,-0.342,0,0.805,0.805,0,0,0.112,0.112,0,0,-0.274,0,0.839,-0.234,-0.234,0,0,0.771,0.771,0.799,0.799,0,0,0,0
"MMRF_2471",-0.127,0,0,0,0,0,0,0,0.972,0.972,0,0,0,0,0,0,0.972,0.972,0,0,0.926,0.926,0,0,0,0,0.933,1.699,-0.991,0,0,0.955,0.955,1.677,1.677,-1.007,-1.007,0.94,-0.121
"MMRF_2473",0,1.89,0,0,0,0,0,0,0,0,0,0,0,0,0,0,0.999,0.999,0,0,0,0,0,0,-0.974,0,0,0,0,0,0,0,0,0,0,0,0,0,0
"MMRF_2475",0,0,0,0,0.879,0.879,0,0,0.893,0.893,0,0,0.832,0.832,0,0,1.496,1.496,0,0,0,0,0,0,0,0,0.828,0,0,0,0,0,0,0.682,0.682,0,0,0.878,-0.96
"MMRF_2480",0,0,0,0,0,0,0,0,0,0,0,0,0,0,0.364,0.364,0.375,0.375,0,0,0.255,0.255,0,0,0,0.379,0,0,0,0,0,0.396,0.396,0,0,0,0,0.378,0
"MMRF_2497",0,0,0,0,0,0,0,0,0,0,0,0,0,0,0,0,0,0,0,0,0,0,0,0,-0.985,-0.988,0,-1.003,-1.003,0,0,0,0,-0.148,-0.148,0,0,0,-0.102
"MMRF_2501",0.898,0.898,0,0,0.99,0.99,0.908,0.154,0.894,0.894,0,0,0.974,0.974,-0.982,0,0.978,0.978,0,0,0,0,-0.975,0,-0.992,0,1.981,0,0,0,0,0,0,0.786,0.786,-0.793,0,0.953,0
"MMRF_2505",0,0,0,0,0,0.639,0,0,0,0,0,0,0,0,0,0,0,0,0,0,0,0,0,0,-0.98,-0.973,0,0,0,0,0,0,0,0,0,0,0,0,0
"MMRF_2523",0,0,0,0,0.957,0.957,0,0,0.988,0.988,0.915,0.915,0.94,0.94,0,0,0.975,0.975,0.372,0,0,0,0,0,0,0,0.949,-0.8,-0.8,-0.121,-0.121,0,0,0.752,0.752,0,0,0.94,-0.148
"MMRF_2485",0,0,0,0,0,0,0,0,0,0,0,0,0,0,0,0,0,0,0,0,0,0,0,0,0,0,0,0,0,0,0,0,0,-0.126,-0.126,0,0,0,-0.111
"MMRF_2489",0,0,0,0,0,0,0,0,0.971,0.971,0,0,0,0,0,0,0.998,0.877,0,0,0.92,0.92,0,0,0,0,0.89,0,-0.918,0,0,0,0,0.719,0.719,0,0,0,-0.152
"MMRF_2498",0,0,0,0,0,0,0,0,0.979,0.979,0,0,0.959,0.959,0,0,0.944,0.944,0,0,0,0,0,0,0,0,0.947,-0.13,-0.13,0,0,0,0,0.786,0.786,0,0,0,-0.134
"MMRF_2465",0,0,0,0,0.391,0.391,0,0,0.507,0.507,0,0,0.37,0.37,0,0,0.8,0.8,0,0,0.396,0.396,0,0,0,0,0.504,0,0,-0.13,-0.13,0,0,0.213,0.213,0,0,0.375,0.247
"MMRF_2488",0,0,0,0,0,0,0,0,0.612,0.612,0,0,0.582,0.582,0,0,0.559,0.559,0,0,0,0,0,0,-0.596,0,0.568,-0.693,-0.693,-0.126,-0.126,0.582,0.582,0.374,0.374,0,0,0.56,-0.171
"MMRF_2490",0,0.896,0,0,0,0,0,0,0,0,0,0,0,0,0,0,0.952,0,0,0,0,0,0,0,0,0,0,0,0,0,0,0,0,0,0,0,0,0,0
"MMRF_2522",0.933,0.933,0.852,0,0.954,0.954,0.957,0.957,0.906,0.906,0.91,0.91,0,0,0.101,0.101,0.881,0.881,0,0,0,0,0,0,-0.947,0,0.897,0,0,0,0,0.929,0.929,0.747,0.747,0,0,0.882,-0.115
"MMRF_2499",0,0,0,0,0.196,0.196,0,0,0,0,0,0,0,0,0,0,0.123,0,0,0,0,0,0,0,-0.117,0,0,-0.144,-0.144,0,0,0.165,0.165,-0.172,-0.172,0,0,0.147,-0.178
"MMRF_2506",0,0,0,0,0.979,0.979,0,0,0,0,0,0,0.96,0.96,-0.949,0,0.978,0.978,0,0,2.249,2.249,0,0,0,0,0.912,-0.108,-0.921,0.827,0.827,0,0,0.814,0.656,-1.015,-0.109,0,-1.053
"MMRF_2531",0,0.916,0,0,0,0,0,0,0,0,0,0,0,0,-0.759,0,0,0,0,0,0,0,0,0,-0.984,0,0,0,0,0,0,0,0,0,0,0,0,0,0
"MMRF_2541",0,0.898,0,0,0.461,0.461,0,0,0.941,0.941,1.444,0,0.936,0.936,0,0,0.615,0.615,0,0,1.627,2.457,0,0,0,0.969,0.984,0,-0.87,0,0,0,0,2.01,0,0,0,0,0
"MMRF_2559",0,0,0,0,0,0,0,0,0,0,0,0,0,0,0,0,0,0,0,0,0,0,0,0,-0.941,-0.965,0,0,0,0,0,0,0,0,0,0,0,0,0
"MMRF_2524",0,0,0,0,0.962,0.962,0,0.956,0.972,0.972,0.938,0,0.939,0.939,0,0,0.955,0.955,0,0,0,0,0.951,0.951,0,0,1.001,0,0,0.9,0.9,0,0,0.869,0,0,0,0.948,0
"MMRF_2514",0,0.901,0,0,0,0,0,0,1.887,1.887,0.948,0.948,0.933,0.933,0,0,1.854,1.854,0,0,0,0,0,0,-0.94,0,0.917,0,0,0,0,0,0,0.756,0,0,0,0,0
"MMRF_2516",0,0,0,0,0,0,0,0,1.009,1.009,0.947,-0.021,0,0,-0.984,0.02,1.014,1.014,0,0,0.945,0.945,0,0,0,0,0.954,0,0,0,0,0,0,0.761,0.761,0,0,0,-0.135
"MMRF_2525",0,0.742,0,0,0.913,1.867,0,0,0.907,0,0.77,0,0.874,0.874,0,0,0.94,0.94,0,0,0.819,0.819,0,0,-0.969,-0.991,0.819,-0.129,-1.009,0.692,0.692,0,0,0.563,0.563,-0.972,-0.176,-0.15,-0.239
"MMRF_2532",0,0,0,0,1.015,1.015,0,0,1,1,0,0,0.146,0.146,-0.995,0,0.948,0.948,0,0,0,0,0,0,0,0,1.004,0,-0.765,0,0,0,0,0.857,0.857,0,0,0,0
"MMRF_2468",0,0.707,0,0,0,0,0,0,0,0,0,0,0,0,0,0,0.708,0.708,0,0,0,0,0,0,-0.723,-0.725,0,0,0,0,0,0.732,0.732,0.62,0.62,0,0,0,0
"MMRF_2515",-0.587,0.915,0.461,0.461,0.46,0.46,0,0,0,0.519,0.466,0.466,0,0,-0.466,0,0.455,0.455,0,0,0,0,0,0,-0.554,-0.546,0,0.44,-0.138,0,0,0.461,0.461,0.419,0.419,0.449,0.449,0,0.385
"MMRF_2539",0,0,0,0,0,0,0,0,0,0,0,0,0,0,0,0,0.997,0.997,0,0,0,1.972,0,0,0,0.99,1.008,0,0,0,0,0,0,1,1,0,0,0,0
"MMRF_2549",-0.225,0.345,0.663,0.663,0.671,0.671,-0.233,-0.233,0.677,0.677,0.67,0.67,0.665,0.665,-0.382,0,1.543,1.543,-0.226,-0.226,-0.215,-0.215,-0.543,-0.223,-0.242,-0.221,1.555,-0.229,-0.229,-0.239,-0.239,-0.225,-0.225,1.258,1.258,-0.205,-0.205,-0.254,-0.249
"MMRF_2557",0,0.454,0,0,0.995,0.995,0,0,0.997,0.997,0,0,0.98,0.98,0,0,1.927,1.927,0,0,0.958,0.958,0,0,0,0,1.02,-0.101,-0.101,0.937,0.937,0,0,1.725,1.725,0,0,1.964,0
"MMRF_2562",0.135,0.544,0.2,-0.629,0.519,0.519,-0.4,-0.4,0,0,0,-0.956,0,0,0,0.71,1.108,0.227,-0.225,-0.225,0,1.012,-0.113,-0.113,-0.993,0,1.021,-0.427,-0.427,0,0,0.992,0.992,0.918,0.918,-0.656,-0.554,0,0
"MMRF_2568",0,0,0,0,0,0,0,0,0,0,0,0,0,0,0,0,0,0,0,-0.776,0,0,0,0,0,0,0,0,0,0,0,0,0,0,0,0,0,0.791,0
"MMRF_2570",0,0,0,0,0.916,0.916,0,0,0.907,0.907,0,-0.898,0,0,0,0,1.832,1.832,0,0,0.916,0.916,0,0,0,0,1.85,0,-0.878,0,0,0,0,0.913,0.913,0,0,0,0
"MMRF_2579",0,0,0,0,0,0,0,0,0,0,0,0,0,0,0,0,0,0,0,0,0,0.945,0,0,-0.964,0,0,0,0,0,0,0,0,0,0,0,0,0,0
"MMRF_2581",0,0,0,0,0.866,0.866,0.794,0,0.861,0.861,0,0,0,0,-0.812,0,0.892,0.892,0,0,0.894,0.894,0,0,-0.908,0,1.81,0,0,0,0,0.225,0.225,0.96,0.96,0,0,0,-0.805
"MMRF_2590",0,0.863,0,0,0,0,0,0,0.957,0.957,0,0,0.934,0.934,0,0,1.854,1.854,0,0,0,0,-0.233,-0.233,-0.94,0,0.903,0,0,0,0,0,0,0.635,-0.113,0,0,0,-0.119
"MMRF_2538",0,0,0,0,0,0,0,0,0,0,0,0,0,0,0,0,0,0,0,0,0,0,-0.956,0,-0.966,0,0.942,-0.622,-0.622,-0.117,-0.117,0,0,-0.177,-0.177,-0.948,-0.948,0,-1.014
"MMRF_2548",-0.986,1.014,0,0,0,0,0,0,0,0,-0.996,-0.996,0,0,0,0,0,0,0,0,0,0,0,0,0,-0.909,0,0,-0.973,0,0,0.327,0.327,0,0,0,0,0,-0.474
"MMRF_2554",0.598,0.745,0.732,0.732,0.139,0.139,-0.788,-0.154,0.728,0.728,0.743,0.593,0,0,-0.203,-0.203,0.772,0.772,-0.225,-0.225,0.656,0.656,-0.164,-0.164,-0.155,-0.151,1.616,0.165,0.381,0.61,0.61,-0.17,-0.17,1.421,1.421,-0.188,-0.188,0.719,-0.275
"MMRF_2587",0,2.016,0,0,0,0,0,0,0,0,0.98,0.98,0,0,0,0,1.641,1.641,0,0,0,0,0,0,0,0,0,0,0,0,0,0,0,1.001,1.001,0.122,0.122,0,0
"MMRF_2622",0,0,0,0,0,0,0,0,0,0,0,0,0,0,0,0,0,0,0,0,0,0,0,0,0,0,0,0,0,0,0,0,0,0,0,0,0,0,0
"MMRF_1546",-0.574,-0.574,0,0,0,0,-0.589,-0.589,0.594,0.594,0,0,0,0,-0.583,-0.583,0.588,0.588,-0.578,-0.578,0,0.592,-0.583,-0.583,-0.582,-0.577,0.616,-0.587,-0.587,0,0,-1.167,-1.167,0,0,-0.569,-0.569,-0.582,-0.586
"MMRF_2401",0,0.852,0,-0.872,0,0,0,0.113,0,0,0,0,0,0,0,0,0,0,-0.912,0,0,0,0,0,-0.886,0,0,0,0,0,0,0,0,0,0,0,0,0,0
"MMRF_2595",0,0.908,0,0,0.923,0.923,0.87,0.87,0.89,0.89,0.883,0.883,1.816,1.816,0,0,0.925,0.925,0,0,0,0,0,0,-1.046,0,0.97,0,0,0,0.941,0,0,0.958,0.958,0,0,0,0
"MMRF_2598",0,0,0,0,0.996,0.996,0,0,0,0,0,0,0,0,-0.921,0,1.389,1.389,0,0,0.947,0.947,-0.965,0,0,0,1.917,0,0,0,0,0.469,0.469,0.855,0.855,0,0,0,0
"MMRF_2614",0,0,0,0,0.848,0.848,0,0,1.695,1.695,0.917,0.917,0.805,0.805,0,0,1.152,1.152,0,0,0.865,0.865,0,0,0,0,0.869,0,0,0.523,0.523,0,0,0.85,0.85,0,0,0,0
"MMRF_2574",-0.141,1.428,0,0,0,0,-0.981,0,0,0,0.866,-0.983,0,0,-0.969,0,0,0,0,0,0,0,0,0,-0.986,0,0.778,0,0,-0.696,0,0,0,0.677,-0.106,0,0,0,-0.11
"MMRF_2605",-0.888,0,0,0,0,0,-0.896,0,0,0,0,0,0,0,0,0,0,0,0,0,0.129,0.129,0,0,-0.972,0,0,-0.995,-0.995,0,0,0,0,0,0,0,0,0,0
"MMRF_2596",0,0,0,0,0,0.936,0,0,0.945,0.945,0,0,0.931,0.931,-0.918,0,0.887,0.887,0,0,0.924,0.924,0,0,-0.948,0,0.918,0,-0.887,0,0,1.802,1.802,0.805,0.805,0,-0.919,0.89,-0.983
"MMRF_2599",0,0,0,0,0.957,0.957,0,0,0.956,0.956,0,0,0.933,0.933,0,0,0.959,0.959,0,0,0,0,0,0,0,0.957,1.916,0,0,0,0,0,0,0.87,0.87,0,0,0,0
"MMRF_2597",0.956,0.956,0,0,0.96,0.96,0,0,0.968,0.968,0.963,0.963,0,0,0,0,0.944,0.944,0,0,0,0,0,0,-0.97,-0.007,1.007,0,0,0,0,0,0,0.857,0.857,0,0,0,0
"MMRF_2608",0,1.967,0.345,0.226,0,0,-0.454,-0.347,-0.414,-0.621,-0.286,-0.775,0,0,0,0,0.339,0.339,-0.38,-0.38,0,0,0,0,-0.802,0,0.292,0.247,-0.584,0.305,0.305,-0.15,0,0.279,0.279,0.333,0.333,0,0.282
"MMRF_2621",0,0.788,0,0,0,0,0,0,0,0,0,0,0,0,-0.959,0,0,0,0,0,0,0,0,0,-0.965,-0.888,0,0,0,0,0,0,0,0,0,0,0,0,0
"MMRF_2631",0,0.648,0,0,0,0,0,0,0,0,0,0,0,0,0,0,0.831,0.831,0,0,0,0,0,0,-0.866,0,0,0.131,0.131,0,0,0,0,0,0,0,0,0,0
"MMRF_2583",0,0,0,0,0,0,0,0,1.924,1.924,0,-0.946,1.085,1.085,1.571,2.434,0.968,0.968,0,0,0,0,0,0,-1.002,0,1.952,0,0,0.926,0.926,1.947,1.947,0.888,0.888,-0.846,0,0.995,0
"MMRF_2604",1.019,1.019,0,0,0,0,0,0,0,0,0,-0.919,0,0.896,0,0,0,0,0,0,0,0,-0.914,0,-1.006,0,0,0,0,0,0,0,0,0.959,0.959,0,0,0,0
"MMRF_2635",0,0,0,0,0.421,0.421,0,0,0.437,0.437,0,0,0.38,0.38,-0.384,0,0.394,0.394,0,0,0.407,0.407,0,0,0,0,0.413,0,0,0,0,-0.405,0,0.319,0.319,0,0,0.408,0
"MMRF_2630",0,0.86,0,0,0.125,0,0,0,0.877,0.877,0,0,0.886,1.677,0,0,0.884,0.884,0,0,0,0,0,0,-0.882,0,0,0,0,0,0,0.88,0.88,0.855,0.855,0,0,0,0
"MMRF_2519",0,0,0,0,0.66,0.66,0,0,0.651,0.651,0,-0.665,0,0.646,-0.654,-0.654,1.319,1.319,0,0,0.672,0.672,0,0,0,0,0.724,0,0,0,0,0,0,0.641,0.641,0,0,0,0
"MMRF_2518",0,0,0.609,0,0.609,0.609,0,0,0.66,0.66,0,0,0.606,0.606,0.006,0.65,0.607,0.607,0,0,0,1.19,0,0,0,0,1.218,0,0,0,0,0,0,0.544,0.544,0,0,0.613,0
"MMRF_2526",-0.836,-0.601,0,0,0.152,0.152,-0.752,-0.752,-0.378,-0.378,0,0.1,0.125,0.125,-0.31,-0.31,0,0,-0.372,-0.372,0,0,0.126,0.126,-0.776,-0.798,0,0,-0.789,-0.453,-0.453,-0.328,-0.328,0,0,0,0,0.229,-0.508
"MMRF_2543",0,0.229,0,0,0,0,0,0,0,0,0,0,0,0,0,0,0,0,0,0,0,0,0,0,-0.506,-0.509,0,-0.101,-0.101,0,0,0,0,-0.119,-0.119,0,0,0,-0.138
"MMRF_2567",0,0.757,0,0,0.744,0.744,-0.175,-0.175,0.688,0.688,0.719,0.719,0.741,0.741,-0.11,-0.11,0.69,0.69,0,0,0.766,0.766,0,0,-0.91,0,0.783,0,0,0.814,0.814,-0.119,-0.119,1.745,0.859,0,0,0,0
"MMRF_2572",0,0,0,0,0.933,0.933,0,0,0.94,0.94,0.949,0.949,0.908,0.908,0,0,1.867,1.867,0,0,0,0,0,0,0,0,0.9,0,0.873,0,0,0.925,0.925,0.802,0.802,0,0,0.921,0
"MMRF_2580",0,0,0,0,0,0,0,0,0.706,0.706,0,0,0.686,0.686,0,0,0.682,0.682,0,0,0,0,0,0,-0.695,0,0.674,0,0,0,0,0,0,0.587,0.587,0,0,0,0
"MMRF_2602",0,0.66,0.613,0,0,0,0,0,0,0,0,-0.673,0,0,0,0,0,0,0,0,0,0,0,-0.655,-0.692,-0.699,0,0,-0.685,0,0,-0.672,0,0,0,0,0,0,0
"MMRF_2601",0,0,0,0,0,0,0,0,0.935,0.935,0,0,0.908,0.908,0,0,0.909,0.909,0,0,0,0,0,0,-0.883,0,1.803,0,0,0,0,0.797,0.797,0.756,0.756,-0.467,-0.106,0.903,0
"MMRF_2606",0,0,0,0,0.756,0.756,0,0,0.745,0.745,0,0,0,0,0,0,0.694,0.694,0,0,0,0.799,0,0,0,0,1.467,0,0,0,0,0,0,0.592,0.592,0,0,1.476,0
"MMRF_2613",0,0,0,0,0.791,0.791,0,0,0.78,0.78,0.815,0.815,0.78,0.78,-0.639,0,0.779,0.779,0,0,0.794,0.794,-0.301,0,0,0,0.772,0,-0.209,0.569,0.569,0,0,0.685,0.685,0,0,0,-0.606
"MMRF_2634",0.124,0.124,0,0,0,0,-0.147,-0.147,0,0,-0.914,-0.914,0,0,-0.6,0,0,0,-0.852,0,0,0,-0.148,0,0,0.056,0,0.15,0.15,0.168,0.168,0.824,0.824,0.218,0.218,-0.083,0.232,-0.023,0.235
"MMRF_2636",0,0.752,0,0,0.955,0.955,0,0,0,0,0,0,0,0,-0.838,0,0,0,0,0,0,0,0,0,-0.975,-0.939,0.964,0,0,0,0,0,0,0,0,0,0,0,-1.011
"MMRF_2637",0.976,0.976,0,0,0,0,-0.153,-0.153,0,0,0,0,0,0,-0.877,0,0,0,0,0,0,0,0,0,-0.895,0,0,0,0,0,0,0.182,0.182,0.109,0.109,0,0,0,0.158
"MMRF_2638",0,0,0,0,0,0,0,0,0,0,0,0,0,0,0,0,0,0,0,0,0,0,0,0,0,0,0,0,0,0,0,0,0,0,0,0,0,0,0
"MMRF_2639",0,0,0,0,0,0,0,0,0,0,0,0,0,0,0,0,0,0,0,0,0,0,0,0,-0.289,0,0,0,0,0,0,0,0,0,0,0,0,0,-0.279
"MMRF_2641",-0.653,-0.653,0,0,0,0,0,0,0,0,0,0,0.616,0.616,-0.632,-0.632,0,0,-0.65,-0.65,0,0,-0.642,-0.642,-0.627,-0.643,0.602,-0.697,-0.697,-0.715,-0.715,0,0,0.407,0.407,-0.651,-0.651,0,-0.73
"MMRF_2642",0,0.767,0,0,0.83,0.83,0,0,0.787,0.787,0,0,0,0,0,0,1.668,1.668,0,0,0,0,0,-0.831,-0.819,0,0.783,0,0,0,0,0,0,0.656,0.656,0,0,0,-0.111
"MMRF_2643",0,0,0.602,0,0,0,0,0,-0.238,-0.238,0,0,0,0,0,-0.839,0,0,0.346,0.346,0,0.42,0,0,-0.944,0,0,-0.12,-0.98,-0.118,-0.118,0,0,-0.222,-0.222,-0.195,-0.195,0,-0.604
"MMRF_2646",-0.671,0,0,0,0,0,0,0,0.663,0.663,0,0,0,0,0,0,0.629,0.629,0,0,0,0,0,0,0,0,0.646,0,0,0,0,0,0,0.493,0.493,0,0,0,0
"MMRF_2535",0,0,0,0,0,0,0,0,0,0,0,0,0,0,0,0,0,0,0,0,0,0,0,0,0,0,0,0,0,0,0,0,0,0,0,0,0,0,0
"MMRF_1079",0,1.125,0,0,0.436,0.436,0,0,0.773,0.773,0.899,-0.096,1.166,1.166,0,0,0.934,0.934,0,0,1.397,1.397,0,0,-0.75,-0.257,0.911,-0.158,-1.012,-0.148,-0.148,0.976,0.976,0.678,0.678,0,0,0.8,-0.188
"MMRF_2682",0,0.901,0,0,0,0,0,0,0,0,0,0,0,0,0,0,0,0,0,0,0,0,0,0,-0.129,-0.564,0,0,0,0,0,0,0,0,0,0,0,0,0
"MMRF_2654",0,0,0,0,0,0,0,0,0,0,0,0,0,0,-0.629,0,0,0,-0.639,-0.639,0,0,0,0,-0.695,0,0,0,0,0,0,0,0,0,0,0,0,0,0
"MMRF_2664",0,0,0,0,0.883,0.883,0,0.868,0.88,0.88,0,-0.894,0.888,0.888,0,0,0,0,0,0,0.919,0.919,0,0,0,0,1.115,0,0,0,0,0,0,0.718,0.718,0.138,0.138,0,0
"MMRF_2680",0,0,0,0,0.965,0.965,0,0,0.951,0.951,0,-0.148,0,0,-0.269,0,1.395,1.226,0,0,0.948,0.948,0,0,0,0,1.878,-0.158,-0.158,-0.162,-0.162,0,0,0.511,0.511,0,0,0,-0.237
"MMRF_2507",0,0.948,0,0,0.988,0.988,0,0,0.992,0.992,0,0,0,0,-0.945,0,0.985,0.985,0,0,0.969,0.969,0,0,0,0,0.977,2.717,0,0,0,0,0,0.877,0.877,0,0,0.946,0
"MMRF_2689",0,0,0,0,0.927,0.927,0,0,0,0,0,0,0,0,0,0,0,0,0,0,0,0,0,0,-0.949,0,0.89,0,0,0,0,0,0,-0.121,-0.121,0,0,0,-0.901
"MMRF_2651",0.925,0.925,0.473,0,0,0,-0.874,0,0,0,0,-0.954,-0.351,0,-0.956,-0.956,0,0,0,0,0,0,0,0,-0.968,-0.958,0.335,0,-0.946,0,0,0,0,0,0,0,-0.96,0.23,0
"MMRF_2652",-0.933,0.994,0,0,0,0,0,0,0,0,0,0,0,0,-0.956,0,0,0,0,0,-0.944,0,-0.951,-0.951,-0.935,-0.941,0,-0.981,-0.981,0,0,0,0,-0.184,-0.184,-0.88,0,0,-1.035
"MMRF_2667",0,0,0,0,0,0,0,0,0,0,0,0,0,0,0,0,0,0,0,0,0,0,0,0,-0.957,0,0,0,0,0,0,0,0,-0.113,-0.113,0,0,0,0
"MMRF_2670",0,0,0,0,0.862,0.862,0,0,0,0,0,0,0.828,0.828,0,0,0,0,0,0,0,0,0,0,0,0,0.895,0,0,0,0,-0.253,0,0.715,0.715,0,0,0,0
"MMRF_2675",0,0,0,0,0.99,0.99,0,0,0.996,0.996,0,0,0,0,0,0,1.005,1.005,0,0,1.9,1.9,0,0,0,0,1.661,0,0,-0.306,0,0,0,0.765,0.765,0,0,0.959,-0.125
"MMRF_2676",-0.994,0.942,0,0,0,0,0,0,0,0,0,0,0,0,0,0,0,0.846,0,0,0,0,0,0,-0.96,-0.97,0,-0.977,-0.977,0,0,0,0,0,0,0,0,-0.526,0
"MMRF_2677",0,0,0,0,0.961,0.961,0,0,0.949,0.949,0,-0.94,0,0,0,0,0.898,0.898,0,0,0.959,0.959,0,0,0,0,0.986,0,0,0,0,0,0,0.962,0.962,0,0,0,-0.508
"MMRF_2681",0,0,0,0,0,0,0,0,0,0,0,0,0,0,0,0,0,0,0,0,-0.101,-0.101,-0.91,-0.91,-0.947,-0.626,0,0,0,0,0,0,0,-0.166,-0.166,0,0,0,-0.153
"MMRF_2678",0,0,0,0,0.815,0.815,0,0,0.868,0.868,0.742,0.742,0,0.506,-0.86,0,0.826,0.826,0,0,0.783,0.783,0,0,-0.507,0,1.614,0,0,-0.12,-0.12,0,0,0.621,0.621,0,0,1.491,-0.165
"MMRF_2718",0,0,0,0,0,0,0,0,0,0,0.155,0.155,0,0,0,0,0,0,0,0,0,0.957,0,0,0,0,0,0,0,0,0,0,0,-0.131,-0.131,0,0,0,-0.112
"MMRF_2721",0,0,0,0,0,0,0,0,0.967,0.967,0,0,0,0,0,0,1.889,1.889,0,0,0.955,0.955,0,0,0,0,0.947,0,0,0,0,0,0,1.687,1.687,0,0,0.956,0
"MMRF_2690",0.161,0.161,0,0,0,0,0,0,0,0,0.172,-0.02,0,0,0,0,0,0,0,0,0,0.69,0,0,-0.71,0,0.705,0,0,0,0,0,0,-0.106,-0.106,0,0,0,0
"MMRF_2695",0,0.865,0,0,0.375,0.375,0,0,0,0,0,0,0.941,0.941,-0.77,0,0,0.754,0,0,0,0,0,0,-0.937,0,0.891,-0.126,-0.247,0,0,0.834,0.935,0.682,0.682,-0.811,0,0.861,-0.11
"MMRF_2699",0,0,0,0,0.925,0.925,0,0,0,0,0.94,0.94,0,0,0.905,0.905,1.557,1.557,0,0,1.76,1.76,0,0,0,0,1.741,0,0,0,0,0,0,0.743,0.743,0,0,0,-0.11
"MMRF_2723",0,0,0,0,0.936,0.936,0,0,0.925,0.925,0,0,0.899,0.899,-0.947,0,1.874,0.886,0,0,0,0,0,0,-0.945,0,1.803,0,0,0,0,0,0,0.719,0.719,0,0,0.9,-0.107
"MMRF_2719",0.822,0.822,0,0,0,0,0,0,0,0,-0.02,-0.824,0,0,0,0,0,0,0,0,0,0,0,0,-0.833,0,0.815,0,0,-0.129,-0.129,0,0,-0.178,-0.178,0,0,0,-0.928
"MMRF_2722",0,3.657,0,0,0,0,0,0,0,0,0,-0.933,0.885,0.885,0,0,0,0,-0.943,0,0,0,0,0,-0.96,0,0,0,0,0,0,0,0,-0.103,-0.103,0,0,0,0
"MMRF_2691",0,0,0,0,0.666,0.666,0.664,0.664,0.727,0.182,0,-0.374,0.611,0,-0.049,0.367,1.315,1.315,0,0,0.654,0.654,0,0,0,0,0.658,0,0,-0.391,0,0,0,0.525,0.525,0,0,0.681,0.561
"MMRF_2694",0.983,0.983,0,0,0,0,0,0,0,0,0,0,0,0,0,-0.921,-0.873,0,0,0,0,0,0,0,-0.939,0,0,0,0,0,0,0,0,-0.177,-0.177,0,0,0,-0.133
"MMRF_2696",0,0,0,0,0.908,0.908,0,0,1.917,1.917,-0.102,0,0.845,0.845,-0.167,0,1.842,1.842,0.855,0.855,0.803,0.803,0,0,-0.95,0,1.762,-0.141,-0.141,-0.193,-0.193,0,0,0.639,0.639,0,0,0.892,-0.237
"MMRF_2698",0,0,0.61,0,0.599,0.599,0,0,0.421,0,0,-0.592,0.628,0.628,-0.728,0,0,0.546,0,0,0,1.337,-0.698,0,0.223,-0.634,0.704,-0.103,-0.757,-0.21,0,0,0,0.385,0.385,0,0,0.671,-0.101
"MMRF_2702",0,0,0,0,0,0,0,0,0.441,0.441,0,0,0.439,0.439,0,0,0.386,0.386,0,0,0,0,0,0,0,0.093,0,0,0,0.331,0.331,0.438,0.438,0.249,0.249,0,0,0,-0.116
"MMRF_2700",0.941,0.941,0.935,0.935,0,0.854,-0.114,0,0.741,0.741,0.778,-0.159,0.303,0.303,0,0,0.933,0.933,0,0,0.976,0.976,0,0,0,0,1.672,-0.178,-0.178,-0.239,0.493,0.905,0.905,0.738,0.738,0,0,0,-0.155
"MMRF_2705",0,0,0,0,0.918,0.918,0,0.412,0.511,0.216,0.434,-0.703,0,0,0,0,1.656,1.306,0,0,0.897,0.897,0,0,0,0,0.876,0,0,-0.858,0,1.634,1.634,0.733,0.733,0,0,0.852,0
"MMRF_2706",0,1.76,0,0,0,0,0,0,0,0,0,-0.871,0,0,0,0,0,0,0,0,0,0,-0.866,0,-0.956,0,0,0,0,0,0,0,0,-0.14,-0.14,-0.908,0,0,-1.061
"MMRF_2709",0,0,0,0,0.665,0.665,0,0,0.783,0.783,0,0,0.738,0.738,0,0,0.791,0.791,0,0.389,0.707,0.707,-0.136,-0.136,-0.768,0,1.47,0,0,-0.12,-0.12,0,0,0.547,0.547,0,0,0,-0.137
"MMRF_2716",0.131,0.131,0.113,0.113,0.124,0.124,-0.54,-0.54,0.129,0.129,0.127,0.127,0.122,0.122,0,0,0,0,-0.571,-0.571,-0.587,-0.587,-0.574,-0.574,-0.554,-0.571,0.729,-0.592,-0.592,-0.62,-0.62,0.113,0.113,0.432,0.432,-0.591,-0.591,-0.571,0
"MMRF_1988",0,0,0,0,0.897,0.897,0,0,0.513,0,0.856,0.856,0.342,0.342,0,0,0.889,0.889,0,0,1.003,1.003,-0.422,0,0,0,0.848,0,0,-0.138,-0.138,0,0,1.254,1.254,0.199,0.199,0,-0.211
"MMRF_2754",0,0.682,0,0,0,0,0,0,0,0,0,0,0,0,0,0,0,0,0,0,0,0,0,0,0,0,0,0,0,0,0,0,0,-0.142,-0.142,0,0,0,-0.131
"MMRF_2727",0,0,0,0,0.933,0.933,0,0,0.902,0.883,0,0,0.945,0.945,0,0,1.799,1.799,0,0,0,0,0,0,0,0,0.932,0,0,0.881,0.881,0,0,0.816,0.816,-0.18,-0.18,0.952,0
"MMRF_2731",0,0.829,0,0,0.955,0.955,0.922,0.922,1.926,1.926,0.807,0,0.945,0.945,0,0,0.978,0.978,0,0,0,0,0,0,-0.916,0,0.866,-0.978,-0.978,-0.188,-0.188,0,0,0.617,0.617,0,0,0,-0.19
"MMRF_2732",1.025,1.944,0,0,0,0,-0.946,-0.946,0,0,0,-0.932,0,0,0,0,0,0,0,0,0,0,0,0,0,-0.952,0,0,0,0,0,0,0,0.758,0,0,0,0,-0.116
"MMRF_2733",0,0,0,0,0.979,0.979,0,0,0,0,0,0,0,0,0,0,1.925,1.925,0,0,0.959,1.922,0,0,0,0,0.948,0,0,0,0,0,0,0.818,0.818,0,0,0.965,0
"MMRF_2734",0,0,0,0,0.906,0.906,0,0,0.925,0.925,0,0,0.859,0.859,-0.276,0,1.841,1.841,0,0,0.957,0.957,0,0,0,0,0.829,-0.153,-0.153,-0.274,-0.135,0,0,1.4,1.4,0,0,0,-0.171
"MMRF_2737",0,0,0,0,0.955,0.955,0,0,0.977,0.977,0,0,0,0,0,0,1.986,1.826,0,0,0.916,0.916,0,0,0,0,1.84,-0.186,-0.186,-0.207,-0.207,0,0,0.602,0.602,0,0,0.63,-0.25
"MMRF_2740",0,0.853,0,0,0.946,0.946,0,0,0.957,0.957,0,0,0.912,0.912,0,0,0.93,0.93,0,0,0,0,0,0,-0.912,0,0.886,0,0,0,0,0.936,0.936,0.673,0.192,0,0,0,-0.157
"MMRF_2757",-0.931,0,0,0,0,0,0,0,0,0,0,-0.932,0,0,-0.394,0,0,0.332,0,0,0,0,0,-0.342,-0.873,-0.948,0,0,-0.892,-0.986,-0.986,0.289,0.289,-0.128,-0.128,0,0,0,-0.134
"MMRF_1805",0,0,0,0,0,0,0,0,0.2,0.2,0,0,0,0,0,0,0,0,0,0,0,0,0,0,0,0,0,-0.11,-0.11,-0.125,-0.125,0,0,-0.125,-0.125,0,0,0,-0.168
"MMRF_2728",0,0,0,0,0.83,0.83,0,0,0.827,0.827,0.802,0.802,0,0,0,0,0.802,0.802,0,0,0,0,0,0,0,0,0.789,0,0,0,0,0,0,0.678,0.678,-0.11,0.183,0,-0.106
"MMRF_2729",-0.125,0,0,0,0,0,0,0,0,0,0,0,0,0,0,0,0,0,0,0,0,0,0,0,0,0,0,-0.104,-0.104,-0.111,-0.111,0,0,-0.211,-0.211,0,0,0,-0.199
"MMRF_2739",0,0,0,0,0,0,-0.918,0,0,0,0,0,0,0,0,0,0,0,0,-0.865,-0.91,-0.91,0,-0.933,-0.974,-0.951,0,0,0,0,0,0,0,0,0,0,0,0,0
"MMRF_2742",0,0,0,0,0.877,0.877,0,0,0,0,0.903,0.903,0.859,0.859,-0.51,0,0.958,0.958,0,0,0.715,0.715,0,0,0,0,0.952,-0.154,-0.154,-0.106,-0.106,0.869,0.869,0.658,0.374,0,0,0.165,-0.112
"MMRF_2743",0,0.26,0,0,0,0,0,0,0.736,0.736,0.723,0.723,0,0,0,0,1.443,1.443,0,0,0.723,0.723,0,0,-0.754,0,0.709,0,0,-0.114,-0.114,0,0,-0.165,-0.165,0,0,0,-0.845
"MMRF_2745",0,0,0,0,0,0,0,0,0,0,0,0,0,0.177,-0.888,-0.888,0,0,0,0,-0.13,-0.13,0,0,-0.906,-0.945,0,0,0,-0.143,-0.143,0,0,-0.167,-0.167,0,0,0,-0.155
"MMRF_2746",0.174,0.931,0,0,0,0,0,0,0.101,0,0,0,0,0,0,0,0,0,-0.114,0,0,0,0,0,-0.911,-0.906,0,0,0,0,0,0,0,0.769,0.769,0,0,0,0
"MMRF_2750",0,0,0,0,0,0,0,0,0,0,0,0,0,0,0,0,0,0,0,0,0,0,0,0,0,0,0,0,0,0,0,0,0,-0.126,-0.126,0,0,0,-0.128
"MMRF_2751",0,0,0,0,0,0,0,0,0,0,0,0,0,0,0,0,0,0,0,0,0,0,-0.957,0,-0.77,0,0,0,0,0,0,-0.967,0,-0.104,-0.104,-0.917,0,0,-0.996
"MMRF_2760",0,0,0,0,0,0,0,0,0,0,0.893,0.893,0,0,0,0,0,0,0,0,0,0,0,0,-0.95,-0.947,0,0,-0.837,0,0,0,0,-0.149,-0.149,0,0,0,-0.108
"MMRF_2761",0,0,0,0,0,0,0,0,0,0,0,0,0,0,0,0,0,0,0,0,0,0,0,0,-0.939,0,0,0,0,-0.124,-0.124,0,0,-0.185,-0.185,0,0,0,-1.008
"MMRF_2762",0,1.713,0,0,0,0,0,0,0,0,0,0,0,0,-0.743,0.853,0,0,0,0,0,0,0,0,-0.879,0,0,0,-0.82,0,0,0,0,-0.11,-0.11,0,0,0,0
"MMRF_2763",0,0,0,0,0.628,0.628,0,0,0.854,0.854,0,0,0.838,0.838,0,0,0.869,1.511,0,0,0.775,0.775,0,0,-0.289,0,0.841,0,-0.546,-0.153,-0.153,0,0,0.675,0.675,0,0,0,-0.172
"MMRF_2764",0,0,0,0,0,0,0,0,0.968,0.968,0,0,0.925,0.925,-0.849,-0.554,0,0,0,0,0.921,0.921,0,0,-0.938,0,1.783,-0.109,-0.959,-0.258,0.103,0,0,0.585,0.585,0,-0.531,0,-1.032
"MMRF_2767",0,0,0,0,0,0,0,0,0,0,0,0,0,0,-0.829,0.805,0,0,0,0,0,0,0,0,-0.85,0,0,0,0,0,0,-0.826,0,0,0,0,-0.724,0,-0.8
"MMRF_2769",0,0,0,0,0,0,0,0,0,0,0,0,0,0,0,0,0,0,0,0,0,0,0,0,0,0,0,0,0,0,0,0,0,0,0,0,0,0,0
"MMRF_2770",0,1.656,0,0,0,0.768,0,0,0.918,0.918,0,0,0,0,0,0,1.834,0.915,0,0,0,0,0,0,-0.919,0,0.879,0,0,0,0,0.899,0.899,0.592,0.592,0,0,0,0
"MMRF_2772",0,0,0,0,0,0,0,0,0,0,0,0,0,0,0,0,0,0,0,0,0,0.339,0,0,0,0,0,0,0,0,0,0,0,-0.147,-0.147,0,0,0,-0.148
"MMRF_2774",0,0,0,0,0.819,0.819,0,0,0,0,0,0,0,0,0,0,0,0,0,0,0,0,0,0,-0.891,-0.872,0,-0.161,-0.161,0,0,0,0,-0.135,-0.135,0,0,0,0
"MMRF_2776",0,0,0,0,0,0,0,0,0,0,0,0,0,0,-0.319,0,0,0,0,0,0,0,0,0,-0.884,0,0,-0.128,-0.886,0,0,0,0,-0.153,-0.153,0,0,0,-0.156
"MMRF_2778",0,0.689,0,0,0.9,0.9,0,0,0,0,0,0,0,0,0,0,1.009,0.847,0,0,1.729,1.729,0,0,0,0,0.815,-0.238,-0.375,-0.178,-0.178,0.883,0.883,0.296,-0.233,0,-0.128,0.882,-0.251
"MMRF_2779",0,0,0,0,0.921,0.921,0,0,0.945,0.945,-0.103,-0.103,0,0,0,0,1.277,1.277,-0.126,-0.126,0.889,0.889,-0.183,-0.183,0,0,0.802,-0.184,-0.184,-0.226,-0.226,0,0,0.472,0.472,-0.138,-0.138,0.872,-0.296
"MMRF_2781",-0.841,0.189,-0.156,-0.156,0,0,0.347,0.347,0,0,0,0,0.198,0.198,0,0,0,0,0,0,0,0.164,0,0,-0.787,0,0.199,-0.883,-0.883,0,0,0.221,0.221,0.37,-0.197,0,0,0.393,0
"MMRF_2782",0,0,0,0,0.808,0.808,0,0,1.419,1.419,0,0,0.771,0.771,0,0,0.745,0.745,0,0,0.761,0.761,0,0,0,0.748,1.49,-0.145,-0.145,-0.13,-0.13,0,0,1.241,1.241,0,0,0.768,-0.193
"MMRF_2787",0,0,0,0,0,0,0,0,0,0,0,-0.907,0,0,0,0,0,0,0,0,0,0,-0.476,-0.476,-0.949,0,0,0,0,0,0,0,0,0,0,0,0,0,-0.116
"MMRF_2788",0,0,0,0,0,0,0,0,0,0,0,0,0,0,0,0,0,0,0,0,0,0,0,0,-0.876,0,0,0,0,0,0,0,0,-0.122,-0.122,0,0,0,-0.137
"MMRF_2789",1.036,1.036,0.259,0.259,0.964,0.964,0,0,0,0,0,0,0,0,0,0,0,0.938,0,0,0,0,0,0,-0.953,-0.958,0,0,0,0,0,0,0,0,0,-0.144,0,0,0
"MMRF_2793",0,0.366,0,0,0.455,0.455,0.419,0.419,0.423,0.423,0.46,0.46,0.403,0.403,0.182,0.295,0.405,0.405,-0.111,-0.111,0,0,0.419,0.419,-0.591,0,0.415,-0.161,-0.161,-0.19,-0.19,0,0,0.206,0.206,-0.159,-0.159,0.414,-0.242
"MMRF_2794",0,0.822,0,0,0.925,0.925,0,0,0,0,0,0,0.891,1.006,0,0,0,0,0,0,0,0,0,0,0,0,0.866,-0.163,-0.163,-0.126,-0.126,0,0,0.675,0.675,-0.107,-0.107,0.899,-0.187
"MMRF_2795",0,0,0,0,0,0,0,0,0.78,0.78,0,0,0.737,0.737,0,0,0.73,0.73,0,0,0.527,0.527,0,0,0,0,0.698,-0.11,-0.11,-0.105,-0.105,0,0,0.534,0.534,0,0,0,-0.157
"MMRF_2801",0,0,0,0,0,0,0,0,0,0,0,0,0,0,0,0,0,0,0,0,0,0,0,-0.776,0,0,0,0,-0.739,0,0,0,0,0,0,0,0,0,0
"MMRF_2799",-0.114,-0.114,0,0,0,0,0,0,0.932,0.932,0,0,0,0,-0.422,0,0.943,0.943,0,0,0.903,0.903,-0.109,0,-0.402,0,0.904,-0.114,-0.114,-0.143,-0.143,-0.454,0,0.378,0.378,0,0,0.916,-0.707
"MMRF_2807",0.901,0.901,0,0,0,0,0,0,0,0,0.824,-0.874,0,0,-0.885,0,0,0,0,0,0.874,0,0,0,-0.835,0,0,0,0,0,0,0,0,-0.133,-0.133,0,0,0,0
"MMRF_2808",0,0,0,0,0,0,0,0,0,0,0,0,0,0,0,0,0,0,0,0,0,0.917,0,0,0,0,0,0,0,0,0,0,0,0,0,0,0,0,0
"MMRF_2813",0,0,0,0,1.86,1.86,0,0,1.855,1.855,0,0,1.795,1.795,0,0,1.831,1.831,0,0,1.761,1.761,0,0,0,1.774,1.705,-0.163,-0.163,-0.197,-0.197,1.843,1.843,1.391,1.391,-0.144,-0.144,1.777,-0.245
"MMRF_2814",-0.892,0,0,0,0,1.003,0,0,0,0,0,0,0,0,0,0,0,0,0,0,0,0,0,0,-0.941,-0.837,0,0,-0.956,0,0,-0.981,0,0.791,0.791,0,0,0,-0.112
"MMRF_2815",0,0,0,0,0,0,0,0,0,0,0,0,0,0,0,0,0,0,0,0,0,0.163,0,0,-0.809,0,0,0,0,0,0,0,0,0,0,0,0,0,0
"MMRF_2816",0.639,0.836,0,0,0,0,-0.262,0,0.956,0.956,0,0,0.922,0.922,-0.017,0.256,1.031,1.031,0,0,0.898,0.898,-0.592,0,-0.935,0,0,-0.965,-0.965,-0.145,-0.145,0,0,0.666,0.666,0.331,-0.363,0,-1.017
"MMRF_2817",0.978,0.978,0,0,0,0,0,0,0,0,0,0,0,0,0,0,0,0,0,0,0,0,0,0,0,0,0,0,-0.943,0,0,1.034,1.034,0,0,0,0,0,0
"MMRF_2818",0,0,0,0,0,0,0,0,0,0,0,0,0,0,0,0,0,0,0,0,0,0,0,0,0,0,0,0,0,-0.123,-0.123,0,0,-0.169,-0.169,0,0,0,-0.138
"MMRF_2820",0,0.847,0,0,0,0.923,0,0,0.946,0.946,0,0,0,0,0,0,0.897,0.897,0,0,0,0,0,0,-0.897,0,0.859,-0.14,-0.14,-0.135,-0.135,0.91,0.91,0.654,0.654,0,0,0.907,-0.165
"MMRF_2822",0,0,0,0,0,0,0.457,0.457,0.778,0.778,0,0,0,0,0,0,0.762,0.762,0,0,0.707,0.707,0,0,0,0,0.721,-0.143,-0.517,-0.238,-0.238,0,0,0.478,0.478,0,0,0,-0.873
"MMRF_2831",0,0,0,0,0.446,0.446,0,0,0,0,0,0,0,0,0,0,0.419,0.419,0,0,0.423,0.423,0,0,0,0,0.865,0,0,0,0,0.447,0.447,0.267,0.267,0,0,0.428,-0.122
"MMRF_2827",0,0,0,0,0.84,0.84,0,0,0.901,0.901,0,-0.854,0.883,0.883,-0.948,0,0.907,0.907,0,0,0.876,0.876,-0.897,0,-0.926,0,1.586,-0.117,-0.117,-0.352,0,0.895,0.895,0.658,0.658,0,0,0,-0.135
"MMRF_2826",0,0.901,0,0,0,0,-0.103,0,0,0.984,0.911,0,0,0,-0.844,0,0.922,0.922,0,0,0,0,0,0,0,-0.844,0,0,0,0,0,0,0,0.686,0.686,0,0,0,-0.119
"MMRF_2828",0,0.963,0,-0.928,0,0,0,0,0.861,0,0,0,0,0,0,0,0,0,0,0,0,0,-0.836,0,-0.942,0,0,0,0,0,0,0,0,-0.106,-0.106,0,0,0,0
"MMRF_2834",0,0,0,0,0,0,0,0,0,0,0,0,0,0,0,0,0,0,0,0,0,0,0,0,0,-0.849,0,0,0,0,0,0,0,-0.152,-0.152,0,0,0,-0.136
"MMRF_2829",0.036,0.776,0,0,0.723,0,0,0,0.106,0.106,0.577,-0.883,0,0,-0.879,0,0,0,0,0,0,0,0,0,-0.877,-0.882,0,0,-0.83,0.438,0.438,0.762,0.762,0.565,0.565,0,0,0,-0.104
"MMRF_2830",0,0,0,0,0.959,0.959,0,0,0.967,0.967,0,0,0,0,0,0,1.914,1.734,0,0,0.896,0.896,0,0,0,0,0.863,0,0,0.737,0.737,0,0,0.64,0.64,0,0,0.908,-0.193
"MMRF_2832",0,0,0,0,0.938,0.938,0,0,0.939,0.939,0.894,0.894,0.916,0.916,0,0,0.949,0.949,0,0,0.92,0.92,0,0,0,0,0.923,-0.104,-0.104,0,0,0,0,0.683,0.683,0,0,0.9,-0.182
"MMRF_2836",0.704,1.829,0,0,0,0,0,0,0,-0.709,0,0,0,0,0,0,0,0,0,0,0,0,0,0,0,0,0,0,-0.684,0,0,0,0,-0.101,-0.101,0,0,0,0
"MMRF_2848",0.444,0.546,0.559,0.559,0.584,0.584,0.604,0.604,0.602,0.602,0.57,0.57,0.545,0.545,0,0,0,0,0,0,0,0,0,0,-0.137,0,0.354,-0.177,-0.725,-0.158,-0.158,0,0,0.338,0.338,-0.105,-0.105,0,-0.171
"MMRF_2847",0,0,0,0,0.914,0.914,0,0,0.885,0.885,0,0,0,0,0.88,0.88,0.895,1.52,0,0,0.869,1.741,0,0,0,0,0.853,-0.107,-0.822,-0.151,-0.151,0,0,0.586,0.586,-0.104,-0.104,0,-0.171
"MMRF_2851",0,0,0,0,0,0,0,0,0,0,0,0,0,0,0,0,0,0,0,0,0,0,0,0,-0.707,0,0,0,0,-0.122,-0.122,0,0,-0.167,-0.167,0,0,0,-0.117
